code,date,y,MOM_5D,MOM_10D,MOM_20D,MOM_60D,REVERSAL_5D,REVERSAL_20D,UP_DOWN_RATIO_20D,UP_DOWN_RATIO_60D,VOL_5D,VOL_20D,VOL_60D,DOWNSIDE_VOL_20D,DOWNSIDE_VOL_60D,SKEW_60D,KURT_60D,TURNOVER_5D,TURNOVER_20D,TURNOVER_60D,AMIHUD_20D,AMIHUD_60D,VOLUME_CHG_5D,VOLUME_CHG_20D,VOLUME_Z_20D,VOLUME_Z_60D,MA_DEV_10D,MA_DEV_20D,MA_DEV_60D,MACD,RSI_6D,RSI_14D,RSI_28D,BB_WIDTH_20D,BB_WIDTH_60D,ATR_14D,ATR_28D,OBV_CHG,PRICE_VOL_DIVERG_20D,PRICE_VOL_DIVERG_60D,SIZE_PROXY,MOM_120D,VOL_120D,SKEW_120D,KURT_120D,MA_DEV_120D,QUALITY_PROXY,MOM_252D,MOM_12_1M,VOL_252D,LONG_TERM_RET,EARNING_STABILITY
000975.SZ,2024-12-23 15:00:00,-0.024777636594663366,-0.028994447871684148,-0.08435136707388025,-0.022967101179391602,-0.06642941874258601,0.028994447871684148,0.022967101179391602,1.2222222222222223,1.0689655172413792,0.012678712061154881,0.01607391603750746,0.02186195722175651,0.007703590600267305,0.013707826382718821,-0.1927254288368612,0.4495288852960577,244790.6,275958.25,414824.6666666667,5.541353897025127e-08,4.656291299528241e-08,-0.4697955992211241,-0.24839712097993338,-0.17632238350322355,-0.6322398178523972,-0.044032796841785626,-0.048367593712212775,-0.09002437778826966,-0.007299775381873875,10.033043173519246,26.785440643781456,43.400768636259684,0.06451014242039162,0.11101106361586209,0.029088763840987474,0.03144853875476491,-1.65845e+17,0.0,0.0,15.74,,,,,,,,,,,
600276.SH,2024-12-23 15:00:00,0.006324972737186352,-0.013978494623655857,-0.04737170164138793,-0.05813475760065734,0.05016032982134688,0.013978494623655857,0.05813475760065734,0.5384615384615384,0.875,0.007093191643468293,0.014287145156997794,0.026604157469180375,0.00894863701527066,0.01623034493665021,0.4630795437330944,1.9533913383909716,280626.2,412346.2,501219.4,2.429994562999543e-08,3.365821559295606e-08,-0.5020848030455513,-0.192560325023165,-0.2621680777171478,-0.6279058795965623,-0.021783192165731324,-0.049849239983007054,-0.06065614073426562,-0.006652323779512976,29.359370042408898,18.796496729772443,41.11594090489041,0.06643552140124909,0.08416631523582023,0.021374045801526704,0.027177130394142383,-0.9460166849903465,0.0,0.0,45.85,,,,,,,,,,,
600900.SH,2024-12-23 15:00:00,-0.005410889414947606,0.010249402118209794,0.055317630264097195,0.09518518518518526,0.028164116828929053,-0.010249402118209794,-0.09518518518518526,1.5,1.0,0.007086247958161256,0.009116032068488657,0.0120053816698984,0.003935831842091277,0.007212287478019961,0.14952292362268593,0.4523828175309603,969242.4,1045087.35,1298481.1166666667,7.671735887957808e-09,6.961698405645666e-09,-0.20178347306178246,-0.09574115404847183,0.14273954768550112,-0.30922960692347956,0.02208703466869455,0.042390059046444106,0.0493630008162107,0.004714819638660358,82.64694556408855,73.93428029093903,67.3976473804264,0.055026216081480214,0.05439242601873837,0.01727136576646216,0.015689163727716313,9.44066e+17,1.0,0.0,29.57,,,,,,,,,,,
000975.SZ,2024-12-30 15:00:00,0.08925081433224746,-0.02601522842639592,-0.05305367057372001,-0.09171597633136086,-0.16074357572443954,0.02601522842639592,0.09171597633136086,1.0,0.9354838709677419,0.014295890182135583,0.013096875888070455,0.02064455381147285,0.0077524205013550975,0.013558003181222923,-0.27274451763128665,0.4904978820174941,221263.0,273572.45,378122.85,4.480510426165698e-08,4.7598700497171936e-08,-0.09611316774418632,-0.19068085800018286,-0.27585630944774603,-0.655427229221978,-0.021233182426831698,-0.06027120511800166,-0.10353621382754019,-0.006089415310804612,37.425000419866926,16.895261429974568,38.19856347778082,0.08762953754883583,0.12444041070307635,0.028804094927873437,0.0293159609120521,-1.4265915173270127,0.0,0.0,15.35,-0.14484679665738165,0.02337702341241797,0.06543603943124109,0.443017268693509,-0.1044558426720471,-0.020994151851833006,,,,,
600276.SH,2024-12-30 15:00:00,-0.04551365409622887,-0.004101014461472041,-0.007741935483870921,-0.07032037074350195,-0.17621853240492769,0.004101014461472041,0.07032037074350195,0.5384615384615384,0.7647058823529411,0.008077095414886479,0.010973972848775895,0.022575621876975847,0.009184648048097186,0.01597124217132986,0.16792433861228856,3.4541196196829884,266769.2,356322.85,477731.1666666667,2.1889352493256622e-08,2.8957092147422152e-08,-0.04937885343563786,-0.3088846175106895,-0.5431122991492539,-1.0059447403057187,-0.0035202902619700938,-0.025451473228429555,-0.053538461538461535,-0.0019542889940374823,47.04688993398093,29.27512371651268,35.62121811994058,0.058411615936069715,0.07785764711237823,0.01693603319090965,0.023855966313703632,-0.8095795914863984,0.0,0.0,46.14,0.15263552335748187,0.02226471250570164,0.42564568333579866,2.6902010268360312,0.005776566757493162,0.0792572536045324,,,,,
600900.SH,2024-12-30 15:00:00,-0.024141448486909245,-0.013418316001341801,0.004783054321831237,0.05223613595706622,0.006502395619438772,0.013418316001341801,-0.05223613595706622,1.2222222222222223,0.8709677419354839,0.010645373295240982,0.009863393716076679,0.011019534356679794,0.005429371161081601,0.007210070341438355,-0.21846114538136133,-0.36705793851237045,828770.6,1023483.8,1213586.4666666666,8.18435735873354e-09,7.062763288173021e-09,-0.14492948306842546,-0.07072511236936196,-0.8269411893276138,-0.7305330201153885,-0.001900495486323095,0.0166972033048709,0.0424026181165158,0.0012666688187374204,56.93745479797938,72.07257277501928,63.973110654693876,0.04366902707245134,0.057437885556644475,0.016029533200563457,0.015859522999951425,3.63397e+17,0.0,0.0,29.41,0.0030695770804911593,0.011889816162156272,-0.3941118302754564,1.5346614041365854,0.01679093727311498,0.006391461892722031,,,,,
000975.SZ,2025-01-07 15:00:00,0.0035885167464115852,0.08783344176968111,0.060913705583756306,-0.02734147760325789,-0.0434782608695653,-0.08783344176968111,0.02734147760325789,1.1111111111111112,1.0344827586206897,0.017143622158288442,0.01720045385009103,0.01933414433258709,0.007907211342387258,0.010489401288943576,0.177501332987396,-0.4471651141162325,350062.0,319451.65,335698.88333333336,4.3564387233412786e-08,4.85083251141567e-08,0.58210816991544,0.2618088822670652,-0.6151641937740069,-0.8207439404252416,0.05715730905412242,0.03590347263095928,-0.016374154328855695,0.00751486887741307,95.03010982635477,58.84665156079425,53.28299493585487,0.08222381192381263,0.12755012916901243,0.027127477785372524,0.027042036910457954,-0.07794375475596871,0.0,0.0,16.72,-0.0407343660355709,0.0228383724908583,-0.09757352842242287,0.20150708432921105,-0.020159399906235387,-0.01797756510040329,,,,,
600276.SH,2025-01-07 15:00:00,0.005676657584014588,-0.04052287581699343,-0.049428016404057806,-0.08497818408477043,-0.12964426877470359,0.04052287581699343,0.08497818408477043,0.5384615384615384,0.6666666666666666,0.014875161260946105,0.012201236343482767,0.01713674445583014,0.0096659532815987,0.010133924645352186,0.8058811785675295,2.9060792013229153,313814.4,356203.05,444386.9,2.778980608365783e-08,2.7748239870678092e-08,0.17635169277412843,-0.2091317853364031,-0.5363914725009777,-0.961583654597099,-0.033277724119764596,-0.047031711512869556,-0.08485459287042718,-0.0039469100416994855,20.39605057861594,28.05009679649072,27.43906214962621,0.04750756453209614,0.07299156114395494,0.0184085895938757,0.02187946023095886,-1.3063472223850328,0.0,0.0,44.04,0.06711897261933597,0.02196307607960303,0.48186776629336425,2.9797962681124623,-0.044516201351649354,0.041687464304316135,,,,,
600900.SH,2025-01-07 15:00:00,0.004878048780487809,-0.02876480541455162,-0.03723582690372351,0.024268379728765055,-0.006232686980609414,0.02876480541455162,-0.024268379728765055,0.8181818181818182,0.7575757575757576,0.006110920161644316,0.00954700942107981,0.009769575507478612,0.0051645161689395135,0.005590343986712383,0.046489882634602464,-0.7990392184380193,880509.2,973195.55,1073795.35,7.981840861192746e-09,7.2519768571269206e-09,0.0624281314998385,-0.08556112549598693,-1.1212614201969984,-1.501216390194654,-0.021412984178941774,-0.014744502995245434,0.017339674474935896,-0.00419190842322207,11.731145975479592,40.434673717436326,60.76678197571061,0.03479568605606796,0.05724076969412888,0.01744649079143852,0.016986062717770038,-2.108409e+18,0.0,0.0,28.7,-0.03949129852744315,0.011748309316543656,-0.3634318012653165,1.6148492006032775,-0.006467767898869825,-0.030048585085414428,,,,,
000975.SZ,2025-01-14 15:00:00,-0.04648390941597147,0.010843373493975905,0.09173715029277818,0.03516347933374453,-0.1354971664090674,-0.010843373493975905,-0.03516347933374453,0.9,0.9032258064516129,0.013410314622411205,0.017040768560291148,0.017314021303380132,0.007786742993453945,0.009997578292574597,0.09305359926968475,-0.3299887474636014,223235.0,259837.65,309568.4166666667,5.0635349562012996e-08,4.809337321039383e-08,-0.362298678519805,-0.08355559239299115,0.002982193168130442,-0.3553829045569425,0.021302495435179702,0.045059633170366986,-0.004439873824521046,0.00945401457122684,67.8869234965463,66.73596072012666,49.1114514238404,0.06717534616323363,0.11584514855541382,0.028350076621828698,0.02762642601736761,1.935952474746458,0.0,0.0,16.78,-0.07497243660418962,0.021998574295843207,-0.15403340461204296,0.38965671718242767,-0.012728235501774932,-0.029060720027906946,,,,,
600276.SH,2025-01-14 15:00:00,0.018965906525175047,0.016991963260619913,-0.035076252723311496,-0.04752688172043018,-0.12746256895193064,-0.016991963260619913,0.04752688172043018,0.6666666666666666,0.6216216216216216,0.019548341251339387,0.013073234914962923,0.017113230163161366,0.006571421604316304,0.009639333688534103,0.904551742687799,3.0313532459495014,280545.8,285438.9,432562.55,3.374025026944169e-08,2.879156710829064e-08,-0.10601361824059075,-0.406936833771404,0.9800708627070742,-0.47556655872966475,0.005083284164662194,-0.019796611669931075,-0.06881073106802571,-0.0028305996832134247,41.669837174232214,36.62929805331951,31.866369531432895,0.06054632141345953,0.08864690198166432,0.020885075637841494,0.021626939328452076,-2.0259865280933624,0.0,0.0,44.29,0.04878048780487809,0.022094085220787294,0.5294056639508845,2.904389655050368,-0.04074158970351216,0.029560798879013625,,,,,
600900.SH,2025-01-14 15:00:00,0.01109570041608876,-0.0055172413793103114,-0.024027072758037282,-0.014690809702767371,0.027065527065527117,0.0055172413793103114,0.014690809702767371,0.6666666666666666,0.8709677419354839,0.006517665096501508,0.0076472071222873335,0.009209718136666148,0.004562064083137185,0.0051832327940908715,0.022149914357003288,-0.6405554983094977,781824.4,865086.65,1031406.2833333333,7.160467474003375e-09,7.011699427776832e-09,-0.11207696637354836,-0.16312636861084384,-0.32278412575287546,-0.7526521853982812,-0.004315553253927296,-0.012852766510927371,0.02107772558831167,-0.003891009899183817,47.30964953843054,31.956954797972656,53.65763423954064,0.023521429139507145,0.058103339263882794,0.016247275609272825,0.016693085000990687,-3.0561882469840738,0.0,0.0,28.84,-0.056899934597776314,0.011465631490639002,-0.3902775724478413,1.918875093396319,0.0009660270834659368,-0.05515657289104139,,,,,
000975.SZ,2025-01-21 15:00:00,0.09062499999999996,-0.03672486453943402,-0.03614457831325313,0.015228426395939021,-0.1420911528150134,0.03672486453943402,-0.015228426395939021,0.8,0.8709677419354839,0.008643423100867373,0.016336259585628995,0.017090896348678462,0.007552164805102273,0.00966052227680839,0.11739364505853656,-0.2622576528858511,237616.0,258044.0,300387.3,4.610751597481665e-08,4.851484167900263e-08,0.06442090174031856,-0.0649165226986329,-0.1348527000513319,-0.39284211026198174,-0.03369972218867012,-0.011552480385494612,-0.039154455921210696,0.0005045538985989831,0.0,61.24362539052766,39.6851723009989,0.06741040544981315,0.09176274249534633,0.03169642857142855,0.029486607142857137,-0.7189436742414814,0.0,0.0,16.0,-0.053254437869822424,0.021050330703282424,0.007346215392650399,0.30191286231181547,-0.056177124093045094,-0.00792315390706605,,,,,
600276.SH,2025-01-21 15:00:00,-0.024817194770662576,0.028486782133090305,0.036280137772675136,-0.025901143967191786,-0.06330427563304275,-0.028486782133090305,0.025901143967191786,0.6666666666666666,0.6216216216216216,0.0236253280873871,0.016883985652672785,0.01738365362857559,0.007288019231949995,0.008600981362511882,1.081835762395414,2.5860866367380946,321663.0,295698.1,406242.63333333336,4.113166217002228e-08,3.119216044018669e-08,0.1465614527111081,-0.28288874736810965,0.6894424582007898,-0.2874190747248881,0.03587577753804494,0.01275764954052283,-0.04193777796647946,0.004233981084304253,72.6179362470478,46.80845682790308,40.6900137495078,0.05962112473104265,0.09573653724438544,0.02435820328574592,0.020884112563704833,-2.2281274871734915,0.0,0.0,45.13,0.09885561236912599,0.0222974247423306,0.5349582807060673,2.708401633810089,-0.024309390274442122,0.04268330853086614,,,,,
600900.SH,2025-01-21 15:00:00,-0.02777777777777768,0.012499999999999956,0.0055172413793103114,-0.021804763502180413,0.052327679538072935,-0.012499999999999956,0.021804763502180413,0.8181818181818182,0.9666666666666667,0.003839847008561791,0.007165217456478568,0.008976437099943871,0.004732333028325142,0.0049392055020646974,0.0002894565782259893,-0.6192020550734147,698920.4,797506.15,999444.2166666667,7.077683798100663e-09,7.104521531933411e-09,-0.10603915661880081,-0.23690000649228027,-0.061967233310974694,-0.7327253692508878,0.00868241724030594,0.001425210776653918,0.029031195595915937,-0.0013226753778204257,84.32895255278532,40.59114098455454,59.85236031626257,0.023904817908590777,0.05862554396288134,0.015089163237311395,0.015824025083284343,-1.2443122098127573,0.0,0.0,29.16,-0.03283582089552228,0.011156672933918919,-0.4113130765579522,2.311325079644017,0.014631430609439944,-0.036035180088811535,,,,,
000975.SZ,2025-02-05 15:00:00,0.019484240687679177,0.05374396135265713,0.05057194461167969,0.13532856213402744,-0.0396257567418824,-0.05374396135265713,-0.13532856213402744,1.25,0.9333333333333333,0.02362628155518333,0.0193036017115229,0.018302455777272634,0.0059061626251741845,0.008870534061448363,0.35032589464734326,-0.1655914073705822,314435.4,281337.1,297645.81666666665,4.986507666415695e-08,5.1370623035558965e-08,0.32329220254528335,0.02838242666613522,1.6198105107668797,1.0503542568116395,0.05323515210043439,0.05763985696102791,0.05613557270388858,0.004761874224198924,78.40539864321433,62.48632412592911,60.80726018307759,0.05081014661194476,0.07096710979629284,0.029758493655341754,0.027936962750716315,1.010645e+18,1.0,0.0,17.45,-0.021312394840157012,0.021416065831142174,0.05535051599583492,0.21913436778350315,0.030973516683160174,-0.0025350078355515114,,,,,
600276.SH,2025-02-05 15:00:00,0.009770506703022042,-0.009453072248480798,0.0029626253418413295,-0.04117647058823526,-0.09593262119967139,0.009453072248480798,0.04117647058823526,0.5384615384615384,0.6216216216216216,0.012989924244101204,0.01755412582123914,0.01719441373774461,0.00620745052944859,0.008496263544273967,1.1436972024243865,2.8532842107010885,262953.0,294744.05,388881.13333333336,4.6405463004452054e-08,3.220573443571398e-08,-0.18252021525633966,-0.17281743228086555,-0.2315353228179415,-0.6220429337181743,-0.001950290275762101,-0.001610671264263619,-0.06044853388555027,0.005083663525542348,42.101832486716305,53.1822472557896,41.87588127673957,0.04029517304970875,0.10130445239964994,0.024069205050800107,0.02179699418963221,-5.84306167400881,0.0,0.0,44.01,0.04363291439411898,0.02178905214763393,0.48610362593332435,2.95846799251502,-0.05125303152789018,0.029073236779947668,,,,,
600900.SH,2025-02-05 15:00:00,-0.012698412698412764,-0.011850819100731935,-0.015625,-0.040609137055837574,0.017587939698492594,0.011850819100731935,0.040609137055837574,0.6666666666666666,0.875,0.01761975233172699,0.009880188777199837,0.010018042409329407,0.005675827379383085,0.005490221149908067,0.14320511516499235,-0.47750482357595603,969299.2,832638.3,985833.6833333333,8.698774287566062e-09,8.042908138916067e-09,0.3868520649847964,-0.1864665566763245,0.4611358062852706,-0.29468180447304254,-0.013638577691183484,-0.017450222676624882,-0.0017605633802816323,-0.0028626678575647472,37.501820507379804,39.75434930106355,41.586003413985445,0.020419538682378637,0.057460470538327695,0.01680524061476442,0.01703199798437893,-3.4934537055781787,0.0,0.0,28.35,-0.06249999999999989,0.011434221834644155,-0.29018598735612045,1.9929299744178053,-0.011316675094596218,-0.03844117473762109,,,,,
000975.SZ,2025-02-12 15:00:00,-0.022484541877459185,0.02536023054755021,0.07427536231884058,0.07168674698795163,0.08541793776693107,-0.02536023054755021,-0.07168674698795163,0.9,1.0714285714285714,0.018696580715863033,0.018546157658320135,0.01765160042047952,0.006411595003428332,0.007773744255818846,0.40012791774897866,-0.38707310724253974,300744.8,269007.8,280543.01666666666,4.974091141575708e-08,5.212235904927222e-08,-0.04354026296021385,-0.15790762076201525,-0.12386845803897353,-0.17088367745227578,0.032501450957632017,0.05303658103468689,0.07430779914852503,0.008795897754456973,77.58276260305976,65.85794788482569,68.87235350546946,0.06903989937028922,0.07525116775069075,0.032241227013571,0.02929013089215448,0.5691221834417095,0.0,0.0,17.79,0.03731778425655974,0.021564409881572894,-0.012609638442422364,0.15294534115778013,0.05035277447034625,0.02621010890977784,,,,,
600276.SH,2025-02-12 15:00:00,0.006075607560756202,0.0018034265103696878,0.00022507314877340256,0.020436280137772656,-0.09839724081963885,-0.0018034265103696878,-0.020436280137772656,0.8181818181818182,0.6216216216216216,0.014426566210315222,0.01700199081718469,0.017108734495837448,0.0052371086871730475,0.008361089131077975,1.172605829579819,3.004884272372086,339785.2,301236.75,369278.25,4.219383492220644e-08,3.348237486669809e-08,0.2921898590242362,-0.15431170507944836,-0.4978380659842642,-0.6640549628452569,-0.0010115769360459215,0.00940353427520102,-0.043371877343225895,0.004228894290209026,47.1461065295569,53.8074139332963,43.7845129126149,0.03645895012697359,0.09988877323533364,0.025331104539025297,0.023040696926835517,-4.54174e+17,0.0,0.0,44.44,0.04761904761904745,0.02183668897011405,0.49515198335978083,2.9142823793881387,-0.04382127232302968,0.02707679613533308,,,,,
600900.SH,2025-02-12 15:00:00,0.0028581636298679047,-0.009904492394764763,-0.024398745207389383,-0.03482758620689663,0.03781979977753047,0.009904492394764763,0.03482758620689663,0.6666666666666666,0.875,0.004236442478083116,0.009531421367241718,0.009767063586492264,0.0059784928437049845,0.005490894797464601,0.15546236114523612,-0.2941435430212871,870531.6,830143.9,955864.6,7.865484731846136e-09,7.884372815670359e-09,-0.1018958851921058,-0.14699168116829142,-0.740208275642869,-0.8842793512539348,-0.010394569367840667,-0.0212088891997273,-0.015540092970907082,-0.0037871780662875765,8.442267415704066,37.56303629554849,34.92771395278547,0.028182910771094305,0.055770069382412524,0.01513295564742511,0.016255805644873174,-6.236477e+18,0.0,0.0,27.99,-0.05247122545700744,0.011303389835838642,-0.28176805684324463,2.1962029081923946,-0.021331522926798074,-0.04006913310478324,,,,,
000975.SZ,2025-02-19 15:00:00,-0.06210465784933883,-0.01917653694303445,0.002305475504322807,0.046959662853702566,0.043817527010804325,0.01917653694303445,-0.046959662853702566,0.9,1.1481481481481481,0.013270468804801126,0.018854233997351443,0.017702308274665783,0.008748425481129625,0.008403603379240718,0.3474890232611325,-0.3289452785614593,217863.8,267665.0,270343.55,4.6803743361086474e-08,5.246199670664206e-08,-0.2755858122900213,0.030124002429978924,-0.758875931837544,-0.5210919936439548,-0.013892826764955957,0.01686986521650158,0.04442353506436292,0.00023358532564968386,16.699136206566564,62.987783077427615,61.539955964594384,0.0739466932655161,0.08161893680136666,0.03228456419945781,0.030538897560174146,0.5122138797483624,0.0,0.0,17.39,0.03945008965929464,0.021663505919018018,0.006503969560339009,0.11539627197708846,0.02608481868469581,0.014299396344007323,,,,,
600276.SH,2025-02-19 15:00:00,0.06352046522030852,0.0015681003584229192,0.007889990982867578,0.018915223336371856,-0.05734767025089604,-0.0015681003584229192,-0.018915223336371856,0.8181818181818182,0.6666666666666666,0.011311310525142334,0.015347516093926355,0.017085327333104257,0.006186428413170689,0.008450053307231618,1.078131510251553,2.803905260985235,435256.4,339914.4,368883.0833333333,3.537941242001694e-08,3.2779339766864386e-08,0.28097515724640165,0.19084819903664152,0.23403179346754943,-0.007405389716908535,-0.002209377580396743,0.005792700073111723,-0.03163275251513409,0.0035128729053645813,62.77100463059272,52.57181603000517,49.73033390048779,0.03141363436884957,0.09793849227420132,0.024267501677477057,0.024107741956098012,-8.28858e+17,0.0,0.0,44.71,0.03687384044526909,0.02166225391388548,0.5052232621705759,3.081659834780165,-0.03986943426885159,0.02639209367052989,,,,,
600900.SH,2025-02-19 15:00:00,-0.015675097969362395,-0.0035498757543486192,-0.007074637424831942,-0.025347222222222188,0.025575447570332477,0.0035498757543486192,0.025347222222222188,0.6666666666666666,0.875,0.006958739181397777,0.0095743234521924,0.009165433446729347,0.0061156861818117475,0.0051120644056497425,0.22468622342506378,-0.016132696851307138,976144.8,878724.0,925841.0166666667,7.696946237821155e-09,7.6416788329522e-09,0.12132035184018597,0.015764143395346597,-0.29127611419137145,-0.4251789760863227,-0.0017070915427840339,-0.0126626802673232,-0.015427425625076707,-0.0005201507445848385,60.48325622448943,40.071152449014036,39.319683395645775,0.027940501533680075,0.050022271858036364,0.016056796783551333,0.015929563845488322,-5.212227e+18,0.0,0.0,28.07,-0.05232950708980422,0.011231231935769788,-0.2921158364751573,2.3203394584720476,-0.0167150271772446,-0.03877957278763607,,,,,
000975.SZ,2025-02-26 15:00:00,0.03617412630288164,-0.06479357798165153,-0.08009024252679087,-0.015096618357487879,0.012414649286157653,0.06479357798165153,0.015096618357487879,1.0,1.0,0.011372543938565143,0.019711081124058914,0.017242715960130953,0.0092016895767121,0.00836747205707651,0.48181599963690025,-0.021127712420305755,209635.8,260669.95,264890.73333333334,5.2840139729780026e-08,5.145373155828264e-08,-0.03776671480071492,0.010176365271039156,-0.2740024618179027,-0.21867112222881346,-0.05152361014189366,-0.052460349735665046,-0.020224269122947502,-0.00978044434734006,3.989834422486524,33.40289395415961,49.000626602209564,0.06337327558513836,0.08214917936007454,0.03192607515109049,0.03221073837260226,0.2840038627321788,0.0,0.0,16.31,-0.0701254275940707,0.020945701999660983,-0.023753205515445852,0.23107168431811154,-0.03614220497490894,-0.02167859386146978,,,,,
600276.SH,2025-02-26 15:00:00,-0.033017875920084094,0.022580645161290214,0.06518817204301075,0.07022282241728561,-0.02321281840591627,-0.022580645161290214,-0.07022282241728561,1.0,0.7142857142857143,0.025115862222836016,0.01676694568477884,0.015876064625303467,0.004943708957049426,0.007235729498488934,0.7821635582397688,0.4223644703447307,608939.8,411733.6,373259.3,3.085002831562849e-08,3.20938787052154e-08,0.3990369814206063,0.3924120581092676,-0.41374548756529816,-0.25882805455540586,0.02761929460580892,0.047853058166312135,0.0322333216349302,0.008461255842429556,79.35617740163815,68.55212973459159,63.20982077925177,0.06107944451885804,0.09278169366791292,0.026393270241850664,0.024387862400480673,4.41017e+17,0.0,0.0,47.55,0.09009628610729026,0.02189677831374355,0.502014678048824,2.872533867006581,0.016738951472365038,0.04092801529210224,,,,,
600900.SH,2025-02-26 15:00:00,-0.005428881650380024,-0.014621968616262526,-0.019169329073482566,-0.03694667131404683,0.023333333333333206,0.014621968616262526,0.03694667131404683,0.42857142857142855,0.8181818181818182,0.00852465605234614,0.009979310609349567,0.00917579701452654,0.005448040126942889,0.004866982458830724,0.29945898980136104,-0.09498551485966766,1019904.0,958969.9,933854.4666666667,8.28638572500254e-09,7.678601803687003e-09,0.04482859510187409,0.2024608211485266,-0.422325762555089,-0.19616168068572454,-0.01084738481366132,-0.01702332034793763,-0.0315966563272172,-0.002176055469656131,22.96007004912329,35.9173046444738,39.031800262926986,0.026509897843352087,0.04787491965137581,0.013908277751925966,0.015420609068817544,-8.533409e+18,0.0,0.0,27.63,-0.07622868605817457,0.011218169195904817,-0.2536334992259685,2.2888239245068718,-0.02911256742273849,-0.06144808718779295,,,,,
000975.SZ,2025-03-05 15:00:00,0.013017751479290185,0.043209876543209846,-0.030963302752293753,-0.025936599423631246,0.0,-0.043209876543209846,0.025936599423631246,0.6666666666666666,0.9333333333333333,0.018493812748957828,0.01653380126665182,0.01686024465258809,0.009262037738815952,0.00791525218619674,0.6558801695083456,0.23484238073315877,218197.6,236610.5,263840.01666666666,5.175281157997081e-08,4.880766416859491e-08,0.04084130668521313,-0.15897867718121772,-1.2135298055410793,-0.8578853397197497,0.017091959557053338,-0.013167498759160567,0.014832162373145774,-0.005802321195739128,61.147668384933965,36.984610204148645,52.95807653528645,0.07394622774009374,0.08222552634052024,0.027430262045646688,0.030473372781065093,-0.6406809315828355,0.0,0.0,16.9,0.05230386052303859,0.020927919016735425,-0.057877436142885465,0.2894622911313922,0.00039463299131803353,0.009682902620434919,,,,,
600276.SH,2025-03-05 15:00:00,-0.02131361461504999,-0.04028386558129826,-0.011182795698924775,0.036519386834986456,-0.07354422728188603,0.04028386558129826,-0.036519386834986456,1.0,0.6666666666666666,0.019426097421751255,0.01822087260271351,0.015904908008862267,0.011882662242499793,0.008948954697358395,0.6245369843687637,1.1575662120215218,335129.2,429777.65,360281.51666666666,2.653252999601963e-08,3.1609115164576095e-08,-0.44965134484558245,0.458138510344823,-0.9139710816262593,-0.6362632576209056,-0.02049337480294844,0.00227790432801811,0.004650349777679086,-0.0007800892527003531,24.597418065685744,58.47254228066327,60.112562519642765,0.057736128206875154,0.07873448416733281,0.027496427017958104,0.025764307462872033,8870999999999999.0,0.0,0.0,45.98,0.04192159528665296,0.022141804978288597,0.4731647764938695,2.7487554347333205,-0.01915087648191316,0.024751865574776436,,,,,
600900.SH,2025-03-05 15:00:00,-0.013100436681222738,-0.0014534883720930258,-0.0199714693295292,-0.027944817828086332,-0.01681574239713768,0.0014534883720930258,0.027944817828086332,0.5384615384615384,0.7647058823529411,0.008674059622017768,0.006877138014192328,0.009130566055227302,0.003578124627907273,0.004844201093415956,0.35223208704484005,-0.02730165001389695,977655.2,961058.9,939060.3333333334,5.9881543814094234e-09,7.623762009236343e-09,-0.04142429091365463,0.15423335678889627,-0.07785062903525052,0.03267721089141225,-0.0006182492635559145,-0.0117773981839433,-0.036780857129504185,-0.0014846777995378905,56.317327755876505,36.655863886975595,38.67788941509979,0.02794825076026461,0.04810610162758879,0.015049906425452255,0.015413807444375125,-1.0233973e+19,0.0,0.0,27.48,-0.06466984343090532,0.011206139607963333,-0.2766650036351407,2.318741942660342,-0.03095273778773,-0.043624573268120574,,,,,
000975.SZ,2025-03-12 15:00:00,0.10630841121495327,0.021479713603818507,0.05679012345679024,-0.03440496333897347,-0.004072134962187279,-0.021479713603818507,0.03440496333897347,0.6666666666666666,0.8709677419354839,0.007803547615572605,0.014455618656346692,0.016688251119369703,0.009111813545001166,0.00802743207838842,0.6975037552690595,0.3880110985991343,183498.2,207298.85,265252.76666666666,4.8735377351474386e-08,4.734689200021476e-08,-0.1590274136837435,-0.22939464952317368,-0.624877047000174,-0.6977102042809235,0.0291553952509771,0.012089503709615368,0.028228228228228458,0.0014051723308165817,79.37564779182216,44.926294802446684,57.14428623464538,0.060434982097031374,0.08213372559811129,0.024991655540720983,0.028412883845126843,-0.6805423094765799,0.0,0.0,17.12,0.08629441624365497,0.020190964218067098,-0.020975397610880762,0.38125456351432163,0.010243070068893578,0.05265633579115662,,,,,
600276.SH,2025-03-12 15:00:00,0.05088888888888876,-0.03267411865864156,-0.06073888541014394,0.008064516129032251,-0.06503220444629132,0.03267411865864156,-0.008064516129032251,0.6666666666666666,0.6666666666666666,0.010699448805476195,0.0179201883686559,0.01592083948220432,0.01123119590320952,0.009001380450172996,0.6179410965717249,1.1478819251464345,328538.8,426966.05,361468.61666666664,2.4818289398293223e-08,3.16006434680525e-08,-0.019665251491066793,0.4173770298610644,-0.4618645600029175,-0.13021303693513678,-0.021015533220206106,-0.02426331880569832,-0.009962708595357195,-0.004646113013235942,30.314298827956264,40.30702716762491,54.113004904055444,0.05000327052071602,0.06315945994558454,0.024111111111111087,0.02507936507936506,-9.71045e+17,0.0,0.0,45.0,0.013513513513513598,0.022173709333414816,0.5054556385002167,2.74574810366222,-0.041063779913482756,0.010924531640151187,,,,,
600900.SH,2025-03-12 15:00:00,0.01880530973451311,-0.0036737692872886862,-0.014534883720930147,-0.03727369542066028,-0.032119914346894984,0.0036737692872886862,0.03727369542066028,0.6666666666666666,0.7142857142857143,0.00522938169818426,0.007022546187376266,0.008680655097556174,0.003452657892040656,0.004826965822458292,0.4195366551137586,0.36946805968348295,848690.8,955598.7,919646.05,6.17189827074932e-09,7.339741287929402e-09,-0.13191194605214596,0.15112416052204924,-0.9518867950857017,-0.6121220377189904,-0.004807163039888374,-0.01710640765439264,-0.046391148409479666,-0.00027727379576661853,48.62258816605808,32.322032148643956,37.495349243843506,0.03141685854119638,0.054868101574628333,0.012800252844500622,0.014354193004635484,-1.1288957e+19,0.0,0.0,27.12,-0.06804123711340204,0.011055555067212503,-0.24326670973800762,2.5188446147643155,-0.04066502571963382,-0.04812164690981701,,,,,
000975.SZ,2025-03-19 15:00:00,-0.043294614572333745,0.0910138248847927,0.13007159904534604,0.08600917431192667,0.1684145589142505,-0.0910138248847927,-0.08600917431192667,1.0,0.9333333333333333,0.022948715366577672,0.01928743176079534,0.018172984756624648,0.007819126733686598,0.007887806124362323,0.6343984202093955,-0.06043480074574337,343709.2,238760.2,255420.95,5.840974575231189e-08,5.194961289180379e-08,0.8730930330651745,-0.10798871723983328,2.0951530207912694,1.877711289878948,0.08408219334897837,0.11127409276263678,0.13183869007898186,0.01167129743949297,89.82183905606549,85.26566963939335,59.61098928021238,0.08771625492564673,0.09533016351243717,0.026700859858198814,0.026682003318750945,0.18454976181169158,1.0,1.0,18.94,0.13413173652694632,0.02068235976500385,0.02074489225510115,0.2952888776751208,0.11130669483072242,0.07850903612883577,,,,,
600276.SH,2025-03-19 15:00:00,-0.022414886868259765,0.0501887630468576,0.01655202063628547,0.01698924731182805,0.01698924731182805,-0.0501887630468576,-0.01698924731182805,1.0,0.8181818181818182,0.01507295618826017,0.018962289619280263,0.015833509625842224,0.012416598715254783,0.00838416973763061,0.6235647999363093,0.9813362158971048,377490.8,412524.65,345959.31666666665,2.5299629976808356e-08,3.147309755542233e-08,0.14899914408891735,0.21361333912302616,0.3696912145261947,0.9694964192036061,0.028334094417987732,0.017766251654488974,0.04238380914244133,0.001204523540045445,85.45195835019453,46.08843407056299,57.29360896287903,0.04293279823387246,0.05886615904729283,0.023366462254176327,0.024076367700812593,13.347751894916465,0.0,0.0,47.29,0.056287692651328936,0.022290727303279956,0.4673869912924422,2.623619641406738,0.006304029791195598,0.02979282819480918,,,,,
600900.SH,2025-03-19 15:00:00,0.0072385088671733655,0.013944954128440434,0.015062454077883869,-0.014621968616262526,-0.056030064912880095,-0.013944954128440434,0.014621968616262526,0.6666666666666666,0.6666666666666666,0.00870382977120109,0.007787070908067469,0.008243313196401343,0.003058759094142801,0.004632176247758076,0.44765349562324985,0.6384739420973888,969509.6,953939.9,899250.1833333333,6.556773910502256e-09,7.138062540775595e-09,0.14235903111003423,0.08559672889325887,1.7899230666620907,2.446669871790027,0.012867040580666567,0.008835986563458409,-0.02520771225458207,0.0024176175320929725,70.48560557979356,52.44517344921249,44.906014409734375,0.018429225977281857,0.05814737945732933,0.01173672509177395,0.012874205056615483,-9.522837e+18,0.0,0.0,27.63,-0.023674911660777398,0.010323502753150275,0.3271596077995747,0.8351550908487892,-0.020788602447142535,-0.0015831235642328506,,,,,
000975.SZ,2025-03-26 15:00:00,0.01821192052980125,-0.03359999999999996,0.04377880184331806,0.11851851851851869,0.1497461928934012,0.03359999999999996,-0.11851851851851869,1.2222222222222223,1.0,0.019462650229613514,0.019783110642787403,0.018479985165888137,0.010448640402607198,0.008856820027503038,0.4871068467922327,-0.010424726251983873,284667.4,257518.1,258744.01666666666,5.598896804454821e-08,5.164554124971497e-08,-0.17177835216514425,-0.012091343862228876,-0.26099822272159284,-0.28743440101105217,-0.004176742141129952,0.04045247050041634,0.06975233934527858,0.004844557694689553,41.90325903498266,67.05631708815628,52.59791101425553,0.10399323438855068,0.10224459415808392,0.03106275622831914,0.02800772626931568,2.696712237324318,0.0,0.0,18.12,0.07473309608540935,0.020235722901808802,0.018007444492952978,0.42720121272858513,0.058545181925282685,0.0363115394179617,,,,,
600276.SH,2025-03-26 15:00:00,0.0999351070733292,-0.008578168561012345,0.02664890073284476,-0.035065748278021336,-0.0021584286639326766,0.008578168561012345,0.035065748278021336,0.8181818181818182,0.8181818181818182,0.026182711110625298,0.018479675799976537,0.017188863616535384,0.014331529813067677,0.009511649820204094,0.41770839061669834,0.5147617173495176,406788.0,361986.7,356472.8,3.0345772434953615e-08,3.4109154306868126e-08,0.07761036825268319,-0.12082302731669203,2.168960888285019,1.7162924438677156,0.007694487433790309,0.0067179861285020515,0.020818995815591546,-0.00233661695835433,48.26101304422456,48.973737110921626,52.788372239328645,0.038399731336589575,0.058502406361279895,0.025308241401687203,0.026073050894595332,-0.9902616720446168,0.0,0.0,46.23,0.0588639486944571,0.022311326151529417,0.5107370655508958,2.4385266926485727,-0.017405643417223615,0.040572716347564416,,,,,
600900.SH,2025-03-26 15:00:00,0.0,0.006874095513748069,0.021284403669724616,0.011264534883720811,-0.06642066420664205,-0.006874095513748069,-0.011264534883720811,1.0,0.7142857142857143,0.008160298522566304,0.007603091757688462,0.008296042714532036,0.0028330332742861255,0.00456118831450676,0.4350856674992048,0.5320716119074245,759776.6,888908.05,881794.7,6.725650417458268e-09,7.3632399801871565e-09,-0.21632895641260286,-0.07305948810280694,-1.0287915139703758,-1.0902005200439882,0.010530137981118237,0.015860269022284657,-0.013382965523353718,0.0039613694257597636,74.28310752842086,63.697794965794586,46.48578117746131,0.018163317131027017,0.05545885349683726,0.01154971510702737,0.013051178070940915,-8.589472e+18,0.0,0.0,27.83,-0.032336578581363074,0.010316675064612722,0.3204498650938778,0.8202343181313236,-0.012884289679267247,-0.005562319308104419,,,,,
000975.SZ,2025-04-02 15:00:00,0.06341463414634152,0.01933701657458542,-0.016000000000000014,0.1008353221957039,0.20039037085230982,-0.01933701657458542,-0.1008353221957039,1.2222222222222223,1.0,0.02516162203349074,0.021253258074375798,0.019117942706793283,0.010854716061132298,0.008829117296297935,0.4305360900981143,-0.3408408944703303,345908.2,289445.75,269131.11666666664,5.4393455482051664e-08,5.20037812420598e-08,0.21513106172326024,0.22330052977361525,-0.2713195993673433,-0.10916329244489846,-0.0021633315305572554,0.026111620922666168,0.07257048735587657,0.0022548210056870916,51.543523386195126,60.875540806617806,59.688439195994604,0.08669944714183263,0.1011125866227558,0.036236933797909404,0.029326364692218356,16.864210355461775,0.0,0.0,18.45,0.00874794969928927,0.020058503583243556,0.001245360707196435,0.3067595995559693,0.07503386793689648,0.006362591068050341,,,,,
600276.SH,2025-04-02 15:00:00,-0.046214355948869246,0.05083694978301301,0.09049967831867889,0.0930782459157351,0.10784313725490202,-0.05083694978301301,-0.0930782459157351,1.2222222222222223,0.875,0.029843939503445053,0.022614883579162855,0.01950734222900548,0.011356008079878488,0.009512801461936225,0.611533082792966,0.4170066518893636,883147.0,498991.15,407837.61666666664,3.141167269676044e-08,3.478322189907738e-08,1.1710252023166858,0.16104490310280206,0.47288822270257097,1.0298903573769769,0.06877128084408768,0.08694490461176718,0.11562904511514649,0.01136670719308074,88.87836996381974,71.62156005697321,57.00793316818504,0.08711684662362715,0.08135462198303879,0.03159151566231212,0.025431942688579845,8.28662787280315,0.0,0.0,50.85,-0.09212640599892874,0.021087954668823718,0.29842291493273976,2.3424016009894784,0.07813377905148244,-0.0006854576400523482,,,,,
600900.SH,2025-04-02 15:00:00,0.04814947897951871,0.002160604969391411,0.006874095513748069,0.022409992652461463,-0.058206429780033875,-0.002160604969391411,-0.022409992652461463,1.0,0.7142857142857143,0.002818604854374142,0.006561569124530137,0.007858325596323977,0.0028443779650196514,0.00434396883910325,0.5327747305182597,1.058502046276836,636694.0,803667.75,865788.3166666667,6.0506046351805916e-09,6.91251110138536e-09,-0.16199840847954516,-0.16376847454406807,-1.2541660456552564,-1.6426466070455759,0.0023049773103795967,0.01117267690071766,-0.00823795636912239,0.00274498639767374,38.71894070266313,64.00375011485735,50.53547172863778,0.02134280416086383,0.04713373317919902,0.012063035778450798,0.01217853292952107,-9.468724e+18,0.0,0.0,27.83,-0.047570157426420234,0.009534673182706097,0.011762609322350511,0.1517865305749968,-0.01092554694371961,-0.06232598736831789,,,,,
000975.SZ,2025-04-10 15:00:00,0.10856269113149852,0.07565789473684226,0.0839779005524861,0.1301843317972351,0.18192771084337345,-0.07565789473684226,-0.1301843317972351,1.2222222222222223,0.9032258064516129,0.028472329305911533,0.024879906899685292,0.019775245236434407,0.00965502800643621,0.00863766662265138,0.5135764190287521,-0.3653913753993083,467264.0,360387.2,278897.95,5.858897686471262e-08,5.2355088543981357e-08,0.35083238847763654,0.7384910721887747,1.3563262228287574,2.3315104096157158,0.055746879035729835,0.06688417618270814,0.1275970076341728,0.0014333082605349785,66.25809244335636,58.34242478665833,69.29692529670392,0.058483263962900385,0.10186548743735238,0.04314110965487111,0.0348041357215669,1.8170011404975535,0.0,0.0,19.62,0.12242562929061784,0.01957626609899032,0.34830331821791477,-0.35344706147655414,0.14075847065492852,0.044231864542831976,,,,,
600276.SH,2025-04-10 15:00:00,0.0057731958762887725,-0.0497648902821316,0.002273196941516842,0.077059737952476,0.11366245694603916,0.0497648902821316,-0.077059737952476,1.7142857142857142,0.9666666666666667,0.02133411582894426,0.024759648481054632,0.01991182533005469,0.016169082131241512,0.011337526844557529,0.38898687865895154,0.6776725843500069,873489.4,635228.8,454477.2,2.7930100644115006e-08,3.164740832153822e-08,-0.010935438834078548,0.48777355951368984,0.3025250992800817,1.0729433691998436,-0.018238497196412906,0.01807342723398908,0.05600069674272756,0.0006443263271211781,11.417273033517887,57.63522706932613,57.36144903005765,0.0895820825322222,0.09064443915827368,0.04010309278350519,0.030486008836524307,2.279206e+18,0.0,0.0,48.5,-0.04150197628458496,0.0186193959271117,0.5890339503405293,1.3815669911455002,0.03134984556333498,-0.01672410158564271,,,,,
600900.SH,2025-04-10 15:00:00,0.0013712718546452507,0.027112676056338048,0.0504141159524667,0.07045871559633032,0.005862068965517331,-0.027112676056338048,-0.07045871559633032,1.2222222222222223,0.8181818181818182,0.016716953939703193,0.010218550525907732,0.009198798829252968,0.003988671887123282,0.004578437096889234,0.6930903520359677,0.7341230681237607,2124307.2,1122571.85,969438.15,6.970280448901674e-09,7.002554483832377e-09,2.336464926636658,0.17473145369494558,0.36750345355703495,0.935943167173877,0.028271291596164705,0.043500035773055945,0.040021392280951806,0.006904327309294742,77.51936987551969,72.18587762758075,65.49558138630952,0.04632497675989182,0.04639178269298093,0.018585631029923104,0.014643224447818208,-8.13588e+18,0.0,0.0,29.17,0.010041551246537495,0.00945396461127881,0.3300056047362626,-0.11899709152804316,0.03700192564064597,-0.0007439021997300357,,,,,
000975.SZ,2025-04-17 15:00:00,-0.06206896551724139,0.08587119321018477,0.19243421052631593,0.15999999999999992,0.30945213726670695,-0.08587119321018477,-0.15999999999999992,1.2222222222222223,1.0344827586206897,0.03699615854721634,0.02831506622496859,0.022301312374308196,0.011883024344001696,0.009904620116936071,0.4407498629570276,-0.34937854205001173,492766.6,397651.55,301358.9166666667,5.8542649801549615e-08,5.4585379638315996e-08,0.05457856800438288,0.665485076658505,1.499115012935321,2.410910410421206,0.09219644471226274,0.13269451098843854,0.22312407445592064,0.01598984983628707,83.49852878959383,73.42923088665276,71.15440539002756,0.14391946606578676,0.15701395111069547,0.052807881773399026,0.039688013136288995,1.388083397593069,0.0,0.0,21.75,0.12055641421947438,0.020174652767609803,0.4433512211129953,-0.01804234038966923,0.25587639481674307,0.05719004754179681,,,,,
600276.SH,2025-04-17 15:00:00,0.04817548175481767,0.008267879288962332,-0.04427899686520376,0.04610765601544076,0.11166818596171368,-0.008267879288962332,-0.04610765601544076,1.1111111111111112,0.9666666666666667,0.010352120774173457,0.023982854286686686,0.019438288855592758,0.015088763366569655,0.011616801936666818,0.34641797230439686,0.9132711646236547,416632.8,645014.3,465817.7833333333,2.7709462709366448e-08,2.9462835035397246e-08,-0.5230247785491158,0.5635775946964625,-1.107863819135043,-0.6365960914465696,-0.0011466950610204973,0.011886240587466457,0.0518673988671976,-0.0022811779956541647,62.751920996930735,52.84344829755278,58.691186854514605,0.08222644362639853,0.08770436547747541,0.036343934867920126,0.031497100685292566,60.888729992849676,0.0,0.0,48.78,-0.03900709219858145,0.01833811784412582,0.5995863263722206,1.5561746312924312,0.03856287425149696,-0.007250226817761999,,,,,
600900.SH,2025-04-17 15:00:00,0.008558712769599408,0.00034246575342478103,0.028521126760563398,0.05680173661360355,0.014236111111111116,-0.00034246575342478103,-0.05680173661360355,1.2222222222222223,0.8181818181818182,0.004528495557894993,0.009749962310721179,0.00911513833670086,0.004092465268819603,0.004584408472831809,0.7137650055100874,0.8678795148080645,866246.0,1096755.95,976473.2833333333,6.2068252355129915e-09,6.820181794612134e-09,-0.5922218782669475,0.149711790019476,-0.3575903193778519,-0.30732511905554183,0.0046431642304385345,0.027779243855667657,0.040260688402571354,0.0036021126595537855,30.63891721215805,73.87640837555335,68.4472538345725,0.051642084368660364,0.04975095196405885,0.018437912652222815,0.014720985963711058,-7.139106e+18,0.0,0.0,29.21,0.040242165242165395,0.009125257062436826,0.3583541265176051,0.020233172068169658,0.0372101969255354,0.04446142634535148,,,,,
000975.SZ,2025-04-24 15:00:00,0.010294117647058787,-0.02764537654909449,0.01847229156265584,0.12707182320441968,0.2318840579710144,0.02764537654909449,-0.12707182320441968,1.0,1.0689655172413792,0.05432060288188131,0.03700403577541353,0.02641439320240468,0.020400159384032418,0.014972577946610704,0.13163539292195867,0.6650715135415144,569227.6,468791.6,328993.2166666667,6.266400454718975e-08,5.7164370773839335e-08,0.1551667665787413,0.8204219431566169,-0.5640493492176181,0.4009796626705427,-0.04306220095693791,0.022505137587088164,0.12130012184061756,0.0005361819831785924,30.53165433367066,62.2927398288145,59.37929842276486,0.15845412156921868,0.18205496545645078,0.06372549019607845,0.04798669467787116,0.37605792437650853,0.0,0.0,20.4,0.09383378016085797,0.022393317945147848,0.30879707736872236,1.0518423569042152,0.17089409817717427,0.05088459097663589,,,,,
600276.SH,2025-04-24 15:00:00,-0.002542538627029245,0.06520833333333331,0.05684167011161634,0.05662326927051042,0.15079900967814552,-0.06520833333333331,-0.05662326927051042,1.7142857142857142,1.1071428571428572,0.020813512483037505,0.022709092806132408,0.0193375499760009,0.014782232993630769,0.011703104956602704,0.29924761067911243,0.895804512752425,392676.0,641486.3,471735.5333333333,2.5124211049284915e-08,2.877333726662234e-08,-0.05750099368076633,0.7721267107327425,-0.9908588588909822,-0.5401935019915217,0.035942945133317084,0.03547090332837155,0.09035851249480209,0.003047194989463017,77.66081250100956,51.15598501084419,61.33603277325456,0.05001277670332081,0.09099080230182506,0.032843452264535784,0.03157218295102122,3.2294206299677928,0.0,0.0,51.13,0.061228725612287205,0.018386202281805028,0.6445657987366835,1.3698521104086634,0.08789162928420735,0.03214505108981124,,,,,
600900.SH,2025-04-24 15:00:00,-0.00950441276306857,-0.0040567951318457585,0.008904109589041198,0.06085703997119207,0.026838619728128288,0.0040567951318457585,-0.06085703997119207,1.2222222222222223,0.8181818181818182,0.009056026797094663,0.009906083415383647,0.009354431447703492,0.00412751783323876,0.004466164784037132,0.6994541947616773,0.56967362759808,680267.4,1076878.65,974918.8666666667,6.954440087580549e-09,7.322158743347119e-09,-0.2146949019100809,0.21146236666435847,-0.699129009607676,-0.9148430504990079,0.005083415782470846,0.021515629605229014,0.04785786693698979,0.0004631393359930526,52.63821823522318,66.57829042921716,67.77701001361824,0.04669173854248494,0.05342665805948875,0.019105809329841923,0.015747745126563868,-6.101655e+18,0.0,0.0,29.46,0.06315409599422583,0.009137163381573388,0.3605931106358322,-0.08677629684138832,0.04372163880122004,0.06600073483527424,,,,,
000975.SZ,2025-05-06 15:00:00,-0.02911208151382816,0.025373134328358082,-0.017635843660629202,0.12993421052631593,0.18789625360230544,-0.025373134328358082,-0.12993421052631593,1.5,1.0689655172413792,0.01153380657011058,0.0355972317783364,0.025545570497769232,0.021329273449604867,0.01496342838577917,0.19887145948492943,1.075299422531169,284991.6,453562.45,326539.56666666665,5.4852136588144855e-08,5.3666134550055786e-08,-0.4993362936020671,0.5670033158199768,-0.3197634215920964,0.5201017907614479,-0.008944027697634138,0.012527634487840666,0.11483745334559403,-0.009168098392813746,52.86692202564357,54.73036564334408,60.53110871136206,0.13458196984312412,0.1819010178191079,0.0492132806543287,0.04578221390448465,1.3325514545820556,0.0,0.0,20.61,0.13428728673637846,0.02219597558779342,0.31968546913599294,1.128851876728846,0.1773947071509161,0.061396957364402906,,,,,
600276.SH,2025-05-06 15:00:00,0.004509803921568523,0.014521583449373265,0.0625,-0.0007836990595611049,0.14968440036068542,-0.014521583449373265,0.0007836990595611049,0.9,1.0344827586206897,0.01796541854572345,0.018018346036244602,0.019504411436868804,0.013036403575726387,0.011747148638969373,0.28645145798941124,0.8005241000696901,416397.0,524798.8,484522.5333333333,2.517116123144533e-08,2.7705121308075142e-08,0.060408581120313,0.051719654747383936,-0.5544930099224018,-0.4061994986193576,0.01532948437188919,0.029616619223547858,0.07601746946009236,0.0009196072461610489,49.11025980696986,65.15167580841458,65.46615236187216,0.04691344628239843,0.09241126478343555,0.028221288515406163,0.032535014005602256,-0.32461879976920516,0.0,0.0,51.0,0.04765817584223497,0.018415091765842558,0.660143820404537,1.3661421555876005,0.0823601818789561,0.03659321318482201,,,,,
600900.SH,2025-05-06 15:00:00,0.01919122686771768,-0.011517615176151796,-0.013522650439486084,0.02746478873239444,0.032189600282985564,0.011517615176151796,-0.02746478873239444,1.5,0.9354838709677419,0.007555172786023273,0.01058556777673319,0.00823693259964384,0.004143537881936609,0.0035462692849719583,0.7967475751716616,0.5975201852400813,675119.8,1086485.1,950403.9166666666,7.965065325015331e-09,6.667941447201782e-09,-0.007567024378942744,0.3519082979253554,-0.35533735295374935,-0.26437774230311417,-0.008359953782369312,-0.0024102152099964025,0.03499033465160384,-0.0015538305792079266,49.32483438884423,49.78746161892058,66.1900385831529,0.023920904985579347,0.05925286801700727,0.014442377362185456,0.01637618721237638,-5.834154e+18,0.0,0.0,29.18,0.04737975592246957,0.009132758003429602,0.3706256216617639,-0.06855200952335228,0.031213831977170425,0.045454865902672455,,,,,
000975.SZ,2025-05-13 15:00:00,-0.02048975512243878,-0.03193033381712629,-0.004477611940298498,-0.0009985022466300064,0.12859560067681897,0.03193033381712629,0.0009985022466300064,1.2222222222222223,1.0,0.020279684838121616,0.0344473085893301,0.025741369792415616,0.020768691048173193,0.014918470449326201,0.25035560185770284,1.0076968065975103,348721.0,423926.7,330537.5833333333,5.3152949222389354e-08,5.3492434479525455e-08,0.2236185206862238,0.17630898100709458,-0.3196677116363477,0.2787357347823236,-0.008620689655172264,-0.03570912245193003,0.07088384041101392,-0.011128160515587007,44.41633562983378,43.04560693972096,55.82765610865686,0.08493840081627081,0.18431052627078298,0.03994431355750696,0.04940386949382452,-0.2818630216785608,0.0,0.0,20.01,0.22086638194020747,0.02198180411765423,0.31888115453220206,1.1664201765095958,0.13548020995885968,0.08401529919128839,,,,,
600276.SH,2025-05-13 15:00:00,0.06285379660355273,-0.005435837701417201,0.019096876864929335,0.058908639933856755,0.14762544802867383,0.005435837701417201,-0.058908639933856755,1.2222222222222223,1.1071428571428572,0.02453142287657066,0.018019927142672212,0.020180794519364394,0.012097753615038698,0.013085147809893734,0.12863894035743623,0.6755163713699339,527303.2,438252.25,500149.0333333333,2.8822352851664204e-08,2.719024763135748e-08,0.26634725994663744,-0.31008756215083455,0.5794743763067437,0.07758555354310423,0.005022168164162011,0.02122994119405952,0.06786267657011025,0.0003113792754270635,52.140783439333134,65.98332773139637,56.995034961725445,0.05347777710324784,0.09602583072714434,0.030255709545188362,0.032375003485680835,0.8520255658764826,0.0,0.0,51.23,0.0393588963278555,0.018748235156923143,0.5677530781783376,1.2739400893032515,0.08504611040021182,0.025133301325647065,,,,,
600900.SH,2025-05-13 15:00:00,0.03160726294552796,0.013287904599659228,0.007452574525745215,0.018493150684931514,0.055733049343272834,-0.013287904599659228,-0.018493150684931514,1.5,1.0689655172413792,0.004357915164375762,0.006492734960589064,0.008231817906499569,0.004006450167113361,0.0036968126180290787,0.648354413667607,0.40017326559973165,640223.2,715464.1,931211.55,7.418952382592853e-09,6.853710367414615e-09,-0.05168949273891843,-0.3626562967884862,-0.6828257033024298,-0.685046543324423,0.008580052226404788,0.011599033980747464,0.050326681970686904,-0.0011365445002812483,62.35394397174723,53.76902943056299,67.3389027143028,0.012004038467451877,0.06416535795272799,0.013545969833797678,0.016163896627918155,-4.717666e+18,1.0,1.0,29.74,0.10270671116054864,0.00900077979313105,0.31874770090967797,-0.0012393000561021772,0.04816421474326016,0.07764965346207574,,,,,
000975.SZ,2025-05-20 15:00:00,0.016836734693877364,0.0010214504596528506,-0.05176584421867436,-0.06577693040991417,0.12385321100917435,-0.0010214504596528506,0.06577693040991417,1.0,1.0689655172413792,0.01026019982374905,0.027980335498501072,0.02563972043302893,0.020204906310259507,0.01479273413999049,0.2613639545544685,1.0550391942422075,263213.0,366538.3,334316.68333333335,4.022092413848564e-08,5.239110656411572e-08,-0.24520461916546465,-0.07824249647712933,-0.47512506107803637,-0.3199295569737131,-0.01329037454691906,-0.03590752582390544,0.03931913991038538,-0.009313298815299385,51.8457923312408,41.31448608997371,58.256944704582246,0.07940953096066022,0.18045554263808153,0.03174198250728863,0.04708454810495628,-0.31927449208837255,0.0,0.0,19.6,0.17647058823529416,0.021943851858724887,0.3155331275568929,1.1997381403371818,0.10395066016437249,0.08393372260439032,,,,,
600276.SH,2025-05-20 15:00:00,-0.0189164370982553,0.02930056710775064,0.05707629586488072,0.13437500000000013,0.17096774193548403,-0.02930056710775064,-0.13437500000000013,1.8571428571428572,1.2692307692307692,0.015297591065702349,0.01913179097826585,0.02053186921974518,0.012851147440758054,0.013374308039246545,0.04300867522255333,0.4835712904079905,497136.4,458378.15,505305.7,3.0956492230582843e-08,2.7988528305585888e-08,-0.057209590231957486,-0.28935195700312377,0.9390090732637273,0.3597729581190252,0.03489565514881976,0.058885302010812435,0.11811956041849925,0.0041641962132348805,91.49156668796756,69.79268339026592,66.01058333504423,0.06511203429831967,0.1069068527435706,0.027653154925882193,0.02777121868030959,1.6127228672418017,1.0,1.0,54.45,0.1480075901328275,0.018928947498129928,0.47470929883952634,1.073297503902917,0.1479067479489118,0.07226664112458683,,,,,
600900.SH,2025-05-20 15:00:00,-0.013689700130378069,0.019946808510638236,0.04531516183986373,0.037187288708586896,0.09415121255349512,-0.019946808510638236,-0.037187288708586896,1.8571428571428572,1.1428571428571428,0.008382851623702106,0.007581990744605484,0.008444749174147224,0.004116684349153313,0.0036033295451694085,0.5296825872849693,-0.011762650011692521,653742.8,662338.3,904344.7166666667,1.0089049608145333e-08,7.617549584720192e-09,0.021117010442608386,-0.3960932694278977,-0.5038581423006128,-0.6428429416009079,0.025503894107029357,0.033988844514095895,0.07674309780065514,0.002249706356782752,84.91365280310232,69.87672120594274,69.21756812792559,0.02934055070709025,0.07499181065128255,0.013526727509778355,0.015168094617247161,-2.72407e+18,1.0,1.0,30.68,0.12093533065400064,0.008792282501272848,0.33746220707404667,-0.017001539303695523,0.07643142632426847,0.11087139951531416,,,,,
000975.SZ,2025-05-27 15:00:00,0.016056196688409408,-0.032524271844660224,0.017875383043922444,-0.008457711442786175,0.23024691358024696,0.032524271844660224,0.008457711442786175,1.5,1.2222222222222223,0.031141428090238215,0.01891359010665046,0.026335450292519602,0.009836036597095714,0.015291603037838887,0.1889665043754613,0.8002529803517664,288735.6,296415.3,340908.3333333333,4.2266770761259086e-08,5.363991445099902e-08,0.09696557540850947,-0.36770347420900884,-1.2924897057731937,-1.16717719007871,-0.0035498225088744784,-0.008087594873709136,0.04056805722341128,-0.001235648213607597,55.84253527242015,42.4264181867394,47.23048950271075,0.038142030337455696,0.1701277145999169,0.03508709053114471,0.042219195756576594,1.5824236425979863,0.0,0.0,19.93,0.2371198013656115,0.022249353239763067,0.3671621623216131,1.1790530093883476,0.11341818825128724,0.07881344978146972,,,,,
600276.SH,2025-05-27 15:00:00,0.035005615874204477,-0.04504826599928491,0.009829867674858273,0.06266162721304958,0.11500730536422465,0.04504826599928491,-0.06266162721304958,1.2222222222222223,1.1851851851851851,0.019731102439578176,0.019080685520651168,0.02001398081090745,0.011907383909434133,0.013196345370125163,0.04096791465537867,0.5792512586727079,491999.2,483208.95,495560.65,2.8087651588795952e-08,2.785254502434482e-08,-0.010333582493657678,-0.24673535506526023,-0.9287914470078247,-0.5830734819454014,-0.012843019495518693,0.01666206739049758,0.08397674583768766,-0.0005783924157411254,50.224002845607586,58.59176713223495,61.4753387121363,0.07089760256937332,0.12374870882112499,0.029229288121088944,0.0276514948922287,0.47770753668021104,0.0,0.0,53.42,0.09737058340180771,0.018018392372119114,0.32824262408136623,0.5846877910088168,0.12054258145713903,0.06071567525886365,,,,,
600900.SH,2025-05-27 15:00:00,-0.012227362855254498,-0.01753246753246751,0.005984042553191626,0.025067750677506773,0.0995639534883721,0.01753246753246751,-0.025067750677506773,1.5,1.2222222222222223,0.009594034891180917,0.008078745985293942,0.00850399148076092,0.005692582018226258,0.0041667801833125805,0.3729793588081724,0.22762875221083023,624300.0,648346.45,871377.7166666667,1.0081085545233232e-08,7.92039201675735e-09,-0.04503728377582139,-0.39793917355497765,-0.7240846359316228,-0.6513894289053765,-0.006565988181221227,0.009558443291574292,0.05302841367150557,-0.00030749854786978986,42.26455400752961,65.38913020378618,60.205816054611525,0.03697882428578788,0.08225334476746478,0.014233783401000843,0.013950524029836653,-3.700048e+18,0.0,0.0,30.26,0.12074074074074082,0.008829822667924165,0.3104496250602261,0.0069881948320666964,0.05679179059737027,0.1074605880566382,,,,,
000975.SZ,2025-06-04 15:00:00,-0.018765432098765356,0.013006503251626,-0.016990291262136026,-0.020319303338171335,0.2082338902147971,-0.013006503251626,0.020319303338171335,1.0,1.2222222222222223,0.018276080764531178,0.02005786382808134,0.026302611226191524,0.010112340619685887,0.015104248751316373,0.22207437491352372,0.8255015035369473,195810.2,274119.95,339042.7166666667,4.958787046143385e-08,5.294448751054346e-08,-0.32183561708358777,-0.39562909142941616,-1.0934387799008511,-1.1317781010013728,0.002177571018509461,0.01073122036436236,0.040765455152859564,-0.0009606739278996696,42.21680294919159,59.9876958163474,38.02145382766789,0.038064049701410044,0.14435716672017965,0.03216931216931213,0.03410934744268077,-0.04371096293835541,0.0,0.0,20.25,0.19822485207100593,0.022050271971941638,0.41285479691001475,1.3092170057102352,0.12157814814985768,0.08421320179040334,,,,,
600276.SH,2025-06-04 15:00:00,-0.010490142882980669,0.019170506912442375,-0.011619592420450409,0.07338380896913232,0.1885210662080825,-0.019170506912442375,-0.07338380896913232,2.3333333333333335,1.36,0.007271478953417742,0.017527906125644255,0.019309111977226734,0.013928946444701848,0.012244166415779231,0.06449166515769274,0.668153995785981,397473.0,478477.95,500755.9666666667,2.600866225950708e-08,2.7530498729237616e-08,-0.192126735165423,-0.0882640166097941,-0.8219451676140873,-0.5801725516275361,0.012507553976596641,0.03132781824456021,0.1063457972599815,-0.0008917935846037286,93.3330117243502,64.24423064720224,65.98786060028414,0.0550614129726909,0.12952401273791816,0.02568276361005608,0.027161977107717755,1.0758966719585277,0.0,0.0,55.29,0.11404392504533534,0.017770770261624942,0.3341867447249614,0.7507960701888097,0.15497297438441637,0.05174853569870789,,,,,
600900.SH,2025-06-04 15:00:00,0.00970224155235866,-0.020962987225679686,-0.02954545454545454,0.018398637137989837,0.09808963997060993,0.020962987225679686,-0.018398637137989837,1.0,1.1428571428571428,0.0070290924815206175,0.008041034957279255,0.008445402898972953,0.0051408849242239344,0.004134634602580525,0.40697627040468837,0.28894010386650093,646154.2,641105.05,843752.6333333333,1.0522372218504228e-08,8.17934739290005e-09,0.035005926637834195,-0.4099274348078956,-0.4411626108125077,-0.5325430560730509,-0.016711625764853077,-0.00887009864876065,0.03151368046888048,-0.003558565567722178,27.31064922108071,47.15589556702881,55.651279748574716,0.03143986666147921,0.08032739478106303,0.014290493715050416,0.013920087941499784,-5.855201e+18,0.0,0.0,29.89,0.06940966010733463,0.008788877521931178,0.3487021759119157,0.06388947159728531,0.0395406869408208,0.07960462159857053,,,,,
000975.SZ,2025-06-11 15:00:00,0.02214393558127825,-0.0030105368790767084,-0.006003001500750282,0.014811031664964336,0.1445852534562213,0.0030105368790767084,-0.014811031664964336,1.0,1.1428571428571428,0.014941123735075354,0.018925098315553075,0.026584148914661578,0.007888413762097328,0.01441272481759175,0.2648732916004173,0.6908885156836693,213392.0,240287.7,341533.86666666664,5.426972151925283e-08,5.5337215868784926e-08,0.0897900109391645,-0.4331857370625629,-1.0772703502474448,-1.2540106763583612,-0.006350952642896424,-0.0064503225161256506,0.007947243828204442,-0.00224435669500901,33.0171047730211,40.80855488693246,48.6472414418668,0.03461523588394928,0.11866716182651926,0.030411963476885448,0.032011647134948584,0.3828029715046013,0.0,0.0,19.87,0.15590459569517168,0.02214359703526074,0.45015721510469314,1.2719865411668323,0.0928591071592264,0.06633641305084095,,,,,
600276.SH,2025-06-11 15:00:00,-0.05300676293182227,0.015404602821083913,0.008479262672811183,0.03421550094517967,0.2149677992449479,-0.015404602821083913,-0.03421550094517967,1.5,1.4583333333333333,0.01580706664861725,0.015496851870932563,0.019482058191795694,0.009215694288101659,0.01262763830383186,0.0032808825553859904,0.5965748255713117,471036.0,464411.15,512630.73333333334,2.5173890770225157e-08,2.7308781422001456e-08,0.18507672219245075,0.059689140215480885,-0.8303791736476426,-0.601493681029462,0.003595406684521407,0.0072816651170499735,0.07896146754010847,-0.002765061855755761,48.079177524348495,42.86939192525649,62.55291157736387,0.029520372089173616,0.12444535459419573,0.025236963730840552,0.027162702039324232,0.4538596000645494,0.0,0.0,54.71,0.13671306877207567,0.01788386229984686,0.2957537909463142,0.6845617793906746,0.1379070081843612,0.05661483862435998,,,,,
600900.SH,2025-06-11 15:00:00,0.017561298873426168,0.012751677852348875,-0.011464133639043639,0.0033244680851063357,0.10752293577981642,-0.012751677852348875,-0.0033244680851063357,1.0,1.2222222222222223,0.0038329222475113212,0.007867392135412566,0.008303272688867921,0.005015386827822343,0.00425248009388662,0.34161967944155885,0.3868084063661539,603804.6,632000.4,823345.45,1.0319624809789952e-08,8.236285880428161e-09,-0.06554101172754112,-0.11665672673164174,-0.6175337495119434,-0.5247709477165099,0.0025245814509700093,-0.003368337626312723,0.033148856050664754,-0.002941405062839447,52.14060716662734,37.325464308291075,54.63331676819154,0.020716217705507876,0.07223502118735901,0.012520117390892736,0.012851462652655491,-5.300064e+18,0.0,0.0,30.18,0.0770877944325481,0.008554979118557394,0.34608375129050034,0.2665788444282189,0.04698964458552313,0.06311897037802848,,,,,
000975.SZ,2025-06-18 15:00:00,-0.06893156080748397,0.0034584980237153395,0.019066733567486116,-0.014077669902912704,0.08319999999999994,-0.0034584980237153395,0.014077669902912704,0.8181818181818182,1.0,0.021321114039173136,0.02070498954271656,0.0259509957318804,0.00787115777184455,0.014351561403817414,0.34819587019255577,0.9917540240246772,270288.6,242056.6,335415.48333333334,6.222898613157448e-08,5.366418669053659e-08,0.26662948939041753,-0.3396144413830696,-0.3874586776114198,-0.8701088795692195,0.004401364917659967,0.004774037153387312,0.019825760935970216,0.0015211511674262904,66.6938472237709,54.39155675555875,51.40419111347866,0.03257841876016729,0.10630506224598793,0.028873883379053226,0.031230217345431518,-0.12522533631889166,0.0,0.0,20.31,0.2529302899444785,0.022312163404726883,0.4135822517048896,1.1369206378153685,0.1083522060629214,0.08661004781757559,,,,,
600276.SH,2025-06-18 15:00:00,0.022003474232773712,-0.07183805087782158,-0.038418708240534505,-0.07382910260993913,0.11108728286510838,0.07183805087782158,0.07382910260993913,0.8181818181818182,1.1851851851851851,0.024120169421383446,0.017584217087632862,0.02033673340113102,0.013455818953312756,0.013419582357332689,-0.025709969977905794,0.3496398084633987,514988.4,468874.15,524088.86666666664,2.5783464166723023e-08,2.814980636889077e-08,0.09331006547270282,0.02289812461610574,-1.1661726888599964,-0.8588326531184505,-0.03877551020408154,-0.04503856894025282,0.010056374181599548,-0.009152153926405442,20.050617413283646,37.61643350273255,51.17394196172455,0.04135780627239303,0.11551934412669528,0.02964127167948824,0.030509829872887202,-0.2603230316843286,0.0,0.0,51.81,0.11419354838709683,0.018157476182349832,0.20794480210972513,0.6281752766125179,0.07199017876848379,0.06289161200201437,,,,,
600900.SH,2025-06-18 15:00:00,0.005535656138065725,0.01722424643921827,0.030536912751677914,-0.0029220779220778814,0.11107091172214179,-0.01722424643921827,0.0029220779220778814,1.0,1.3076923076923077,0.007381209288890673,0.0072161256158361185,0.008211170344732312,0.004940315347477435,0.004305650391470195,0.34180012353433714,0.48206182033582,720666.0,648731.2,802608.4833333333,8.375304309718595e-09,8.223726384458974e-09,0.19354175175213983,-0.020544033162509412,-0.20526599895458028,-0.386915850849095,0.014770511846148748,0.012512157729018814,0.041929373179903306,0.0005397589342764599,84.16241859622846,54.68003082063381,63.64406559904464,0.021596622507855254,0.06462764184354389,0.01165278876122249,0.012943666558124385,-2.72984e+18,0.0,0.0,30.71,0.04919713016740701,0.008306402893573532,0.372272756124507,0.4260928115122007,0.062286689419795316,0.05195661999903725,,,,,
000975.SZ,2025-06-25 15:00:00,0.02062400846113177,-0.05213032581453625,-0.06571146245059278,-0.05402701350675332,0.04475138121546962,0.05213032581453625,0.05402701350675332,0.5384615384615384,0.9354838709677419,0.020071472385472126,0.018846792579695397,0.02620194081400278,0.010476758881236321,0.014596793590919623,0.3572268964108205,0.9127568666391972,276638.8,239032.4,334746.43333333335,5.902671493714793e-08,5.465249674853226e-08,0.023494146626975798,-0.19358953468326368,0.043710568817327884,-0.6267670851682715,-0.04826614323821021,-0.051321928460342114,-0.054129534067509866,-0.008554119717712978,11.667820941206585,38.940027791376586,46.45910137927696,0.053041066599658696,0.09735450983461454,0.02923623177457126,0.032144745788320585,-0.5880646568108038,0.0,0.0,18.91,0.1998730964467006,0.02258872237896457,0.3684735042650222,1.0465309099759752,0.02408116109466385,0.07887160855699368,,,,,
600276.SH,2025-06-25 15:00:00,-0.013220018885741314,0.026560682435052385,-0.05141526334647073,-0.023963133640552914,0.09423434593924362,-0.026560682435052385,0.023963133640552914,1.2222222222222223,1.36,0.00706207562423358,0.01564928982502916,0.019171182966242446,0.014761948297411807,0.013250981396556519,-0.029070068213524265,0.8258063524965817,382914.0,441602.85,522099.36666666664,2.259565994200308e-08,2.5269174193361312e-08,-0.2564609222265978,-0.08610374456019498,0.775432825905216,0.06524069165089558,0.0037534121929028164,-0.012734696921671396,0.02117565378384656,-0.006085764098218895,84.00317751756666,45.06130167026868,48.40062814096723,0.05041965623793875,0.09052972938840081,0.026993120194253324,0.02723593686766491,0.08285984455579776,0.0,0.0,52.95,0.14288797755234195,0.018162852469156984,0.17557644072817974,0.6160233159674458,0.09018847529746865,0.07507526914786346,,,,,
600900.SH,2025-06-25 15:00:00,-0.02040155440414504,0.005208333333333259,0.022855250082808753,0.011464133639043528,0.11199135758012235,-0.005208333333333259,-0.011464133639043528,1.2222222222222223,1.3076923076923077,0.00823552408999813,0.006651754655544607,0.008217938612894011,0.0035063564045905264,0.004401138771688874,0.3248899504303095,0.5021341920373366,656204.6,656707.35,793977.4833333333,8.098339954390879e-09,8.377955195734886e-09,-0.08944698376224214,0.012895728819059649,0.9938652492890624,-0.02191413336673426,0.009546227278671271,0.017597047386805675,0.03904260927107739,0.0004932601795090431,60.75771699884525,74.79059967228068,55.34140081511229,0.020928393557547328,0.05609352761458445,0.012028127313101397,0.012849278312361209,-2.148823e+18,1.0,0.0,30.88,0.0358939953035895,0.008336970827783919,0.3559944304951013,0.3833654311447674,0.06616642162715847,0.04746177956043574,,,,,
000975.SZ,2025-07-02 15:00:00,-0.03886010362694303,0.013123359580052396,-0.032581453634085156,-0.031610637230305993,0.058114035087719396,-0.013123359580052396,0.031610637230305993,0.6666666666666666,1.0,0.01748970966901073,0.018765472328531894,0.02577850495729331,0.010437673573638607,0.014612337898063484,0.365804605787347,1.1434980471430802,255556.8,253969.05,327217.15,5.8026506445298973e-08,5.415550449829256e-08,-0.0762076758574719,-0.0735112493636455,-0.16813521608326398,-0.5992024458745936,0.005208333333333481,-0.02082646305268776,-0.03661367209923372,-0.003010155405199176,65.78140120663986,39.842722363889635,44.5246105592666,0.06332057583384214,0.09186800960019531,0.027313101406365625,0.029126572908956306,-0.354772315308058,0.0,0.0,19.3,0.25569290826284985,0.022624679534438245,0.347901153554136,1.0021321964233447,0.03665441719521434,0.09556996084746773,,,,,
600276.SH,2025-07-02 15:00:00,0.09454545454545449,0.003264208909370181,0.012989530825901596,-0.03025241276911661,0.0237068965517242,-0.003264208909370181,0.03025241276911661,0.6666666666666666,1.1071428571428572,0.009685500802157297,0.015332221664922718,0.01695034095850441,0.01332906862749601,0.012986378057911425,-0.4700458477820074,0.7081966197240201,369764.6,434675.75,479317.5,2.2080924141440238e-08,2.4420249210797552e-08,-0.03434034796325025,-0.0915448663830799,-0.8611829505919563,-0.8503544326464219,0.002802088131429459,-0.014188143843628431,0.003871389185087004,-0.002718386660745335,52.23706479985086,26.767502389324832,40.159559717573174,0.04910996355721647,0.08559504965960937,0.023568010936431974,0.025680109364319893,-0.1929252132724576,0.0,0.0,52.25,0.13834422657952072,0.018206851973657005,0.19589308767174565,0.5935387493396811,0.0703878149919166,0.06594942850243708,,,,,
600900.SH,2025-07-02 15:00:00,-0.00892561983471074,-0.02764384442301504,-0.01529947916666663,0.015100671140939603,0.0651408450704225,0.02764384442301504,-0.015100671140939603,1.5,1.3076923076923077,0.01477948942318891,0.009123052958238995,0.00917990773383568,0.009200507389987133,0.006211896964322343,-0.28230610350008295,1.396767215059676,820391.6,700266.7,809285.6166666667,8.281653537031676e-09,8.923030360183747e-09,0.2502070238459164,0.09228074244618711,-0.5804876215798538,-0.5002074991944124,-0.009236211188261456,-0.004852372728020415,0.01051717322435719,-0.0021862853796889136,41.416179277659545,51.26038186180285,43.25633283140765,0.02243928468568125,0.04211575919600575,0.014167650531286904,0.013116883116883115,-3.649961e+18,0.0,0.0,30.25,0.02368866328257191,0.008588210397467155,0.0933133227547373,1.024590696064224,0.043169395766399,0.03158434100445655,,,,,
000975.SZ,2025-07-09 15:00:00,0.016711590296495826,-0.03886010362694303,-0.026246719160105014,-0.08349802371541493,-0.07388916625062403,0.03886010362694303,0.08349802371541493,0.46153846153846156,0.84375,0.009619123299527244,0.01820032300320987,0.024661446871873976,0.011378048118607972,0.01468019832248106,0.475092630479386,1.8161402901749875,199626.2,250527.6,304914.0,5.0469935116753324e-08,5.2630868619465166e-08,-0.21885780382286824,0.042615165070871264,-0.4806076710872222,-0.6569095929646235,-0.024915895710681202,-0.0461008407682616,-0.07552764695621839,-0.0031972546581023327,0.0,30.296465487895276,42.030341235779765,0.07088604319035957,0.08529813357327516,0.026569118213323032,0.02868694647670386,-0.7934965718796668,0.0,0.0,18.55,0.1174698795180722,0.022327284075223004,0.4343657757723758,1.2140166762036468,-0.009751236698814836,0.04978044470899655,,,,,
600276.SH,2025-07-09 15:00:00,0.0005245672320335348,0.08995616542786355,0.0981182795698925,0.02454317448943022,0.18210004133939628,-0.08995616542786355,-0.02454317448943022,1.0,1.2222222222222223,0.03116404921377061,0.021873226505886474,0.018334064344444446,0.013510377203157078,0.01145046267102439,0.5242637810592853,2.5921571485973556,515092.4,445689.85,449451.0833333333,2.535508595613563e-08,2.6450443192674996e-08,0.3930278885539613,-0.04031190896256487,3.454878085225919,4.613377606374803,0.07985121126866934,0.08198613226377072,0.09046880561346415,0.006012786447560614,87.11350631987183,80.02759710264793,58.52156434823366,0.05437241746999858,0.08049704812927111,0.02296855094546997,0.02512926835360826,0.005598296974195227,0.0,0.0,57.19,0.31320321469575196,0.019066797064012934,0.4357933353725473,1.3945885256528614,0.16271347248576817,0.12370650762192067,,,,,
600900.SH,2025-07-09 15:00:00,0.01200800533689117,-0.0036556995679627446,-0.03632272581163609,-0.006955945677376674,0.026712328767123372,0.0036556995679627446,0.006955945677376674,1.5,1.3076923076923077,0.006302509746524236,0.009417056349976636,0.007898235477096754,0.00869952550715064,0.006075780960889319,-0.9276914847397444,1.891105650091046,773597.2,742714.85,696726.45,8.2951642673536e-09,8.677913819912132e-09,-0.05703910181430427,0.1751809808981133,-0.3055679502077339,-0.15315584331707494,-0.00892561983471074,-0.014431769617673118,-0.0017758046614873013,-0.002980542162300407,27.191714447786083,38.74839726212945,47.133055157836125,0.02075411487431443,0.03533671948208722,0.013199275707614597,0.012353473744401027,-3.802169e+18,0.0,0.0,29.98,0.03379310344827591,0.008537570155587067,0.059807895050277844,1.103660589950362,0.03235433375898533,0.04682795199047428,,,,,
000975.SZ,2025-07-16 15:00:00,0.03234358430540829,0.015616585891222279,-0.022797927461139955,-0.054636591478696706,-0.10104861773117257,-0.015616585891222279,0.054636591478696706,0.5833333333333334,0.7878787878787878,0.010572351455161957,0.015949584688263053,0.021931438336070294,0.011612102692043184,0.014223951176219463,0.4302396973106061,3.259055321095716,242550.4,243593.05,284062.65,4.452481749315811e-08,4.899157592107275e-08,0.21502287775853057,0.006347482365694601,-0.6856133864781868,-0.7015645281428827,-0.0007417611529089152,-0.009297683458528105,-0.050360436720067736,0.0006609285879400896,49.883863770353784,46.79330887341995,40.23992398234331,0.034534349139127264,0.0797015024583253,0.02196636873201028,0.02524238751704285,-0.6726144439944297,0.0,0.0,18.86,0.13546056592414213,0.02228042045585857,0.42293035928742084,1.239018511369725,0.0020588430630270604,0.05470329672006017,0.13614457831325288,0.2234939759036143,0.022583015290680335,0.13614457831325288,-0.022583015290680335
600276.SH,2025-07-16 15:00:00,-0.0015728766165675756,-0.006597222222222254,0.09052792071659987,0.10934470725087242,0.19208333333333338,0.006597222222222254,-0.10934470725087242,1.7142857142857142,1.36,0.007561696355836606,0.01780680102694198,0.01825235320029084,0.0058646001134504445,0.01160611943680648,0.5436509959066401,2.7042781111909524,574244.6,460503.9,462585.4,1.9631176846961038e-08,2.5457044414755637e-08,0.11483803682601401,-0.017851805223213946,-0.28072492436885715,-0.39303270123923684,0.03076812220781089,0.06341064525721074,0.07634959102352279,0.008877226913205792,87.33011285632607,80.47717432656913,60.00310986677933,0.08705025442111193,0.08108997894527062,0.02545313826334445,0.025371997802965975,0.925657964545384,0.0,0.0,57.22,0.30401093892433906,0.01878238422537804,0.4250669627639166,1.5969707464149225,0.14973669449025895,0.12301639593933714,0.4797000258598396,0.33979829325058186,0.02045190150902944,0.4797000258598396,-0.02045190150902944
600900.SH,2025-07-16 15:00:00,-0.03823335530652605,0.014715719063545185,0.008308408109006349,-0.01236979166666663,0.025693035835023803,-0.014715719063545185,0.01236979166666663,1.0,1.2222222222222223,0.0092766574253425,0.009663876281320549,0.008191953711598315,0.008017649427909711,0.005959135118889536,-0.7551796590873469,1.5624339516160872,862003.6,778049.25,696372.9166666666,8.609167043945785e-09,9.024506987269905e-09,0.11427962769255107,0.19933995775137703,-1.245694654564766,-1.4636238074838266,0.004170252200966562,-0.0010864912916076497,0.007136929460580976,1.563557795986325e-05,69.01647062484432,38.0900753219181,53.60157666406436,0.02095851782557915,0.03205106730423988,0.012948488558244648,0.01266597608061022,-3.284785e+18,0.0,0.0,30.34,0.05347222222222214,0.00863184843266626,0.08727950902140019,1.0171107170331686,0.04253107577592785,0.05323694234595384,0.03549488054607508,0.04812286689419798,0.010216272201835927,0.03549488054607508,-0.010216272201835927
000975.SZ,2025-07-23 15:00:00,-0.050333846944016436,0.03729355354288755,0.04846526655896599,0.022047244094488105,-0.03134328358208971,-0.03729355354288755,-0.022047244094488105,0.9,0.9032258064516129,0.016679644429882,0.014087071325081402,0.01721288571296059,0.0065549286543870044,0.009498170003033811,0.5045507208477862,0.662607199069686,238121.2,233963.65,256470.45,4.202503937163854e-08,4.777284169001518e-08,-0.018260947003179484,-0.021205284304554484,-0.4082576011376085,-0.5709053545306333,0.021779060614012025,0.022610887890963438,-0.011089477694065875,0.005920828887607576,70.71488091037901,53.34711105146588,39.84211302298516,0.032925648549201436,0.06321766565304232,0.021168097439283877,0.02325922664905714,-0.1539443665873611,0.0,0.0,19.47,0.17572463768115942,0.02234291210517377,0.3553940568200236,1.1513140021345345,0.0279423993242085,0.08427931877239796,0.10062182023742205,0.06896551724137923,0.022264206398097546,0.10062182023742205,-0.022264206398097546
600276.SH,2025-07-23 15:00:00,0.11307544197444419,-0.010393209769617107,-0.008159722222222165,0.09696620583717364,0.1364630992639746,0.010393209769617107,-0.09696620583717364,1.1111111111111112,1.1851851851851851,0.013153107822208389,0.01868257929066992,0.017655032016418656,0.0054026435811607145,0.01121691154021788,0.6025476289126895,3.3554800404588003,503087.4,490547.25,471786.35,2.1124713876946627e-08,2.393600846924855e-08,-0.12391444342706914,0.11083352383255685,-0.30339004659799007,-0.28928870865839673,-0.006745714385061885,0.034223698621457466,0.0617840747876619,0.0033224846158626535,48.87744141353474,73.04777414484474,60.43138373084183,0.09421586503907405,0.08421329042853747,0.028631442074466724,0.024011652621839887,0.43081138932986307,0.0,0.0,57.13,0.2858428989421562,0.018437923165480485,0.42806530970859014,1.8105781726606454,0.1346743000143995,0.11575238166243522,0.4496320730778991,0.34356762243085526,0.020221535259626784,0.4496320730778991,-0.020221535259626784
600900.SH,2025-07-23 15:00:00,-0.016449623029472282,-0.03249336870026531,-0.024080267558528434,-0.062037929926068824,-0.011517615176151796,0.03249336870026531,0.062037929926068824,0.6666666666666666,1.0689655172413792,0.008339930626336933,0.010068729424018966,0.008456787145037564,0.00824302817653907,0.0064015621086265986,-0.7863322630886296,1.4639329531708376,802424.2,814604.15,706552.65,9.060258037713766e-09,9.07989451244596e-09,-0.06911734475354858,0.24043708358068483,0.8199611128337846,1.6876232542717122,-0.02551429334758215,-0.030468152972057072,-0.031813883527895825,-0.00433513091439448,0.7710815564700084,33.85403144199225,37.86711162928774,0.030126781615077595,0.03126490681686408,0.01270439635758344,0.013634583374130997,-5.740354e+18,0.0,0.0,29.18,0.017079121645172446,0.008880981552454278,0.07329533203148422,0.9342614005950383,0.001831082627603564,0.005045345072920169,-0.030564784053156213,0.02591362126245844,0.010204771687394533,-0.030564784053156213,-0.010204771687394533
000975.SZ,2025-07-30 15:00:00,0.016224986479177916,-0.031937172774869294,-0.01491742141715513,-0.04196891191709862,-0.10546686018384144,0.031937172774869294,0.04196891191709862,0.5833333333333334,0.7352941176470589,0.011833344155899822,0.013580964732769839,0.017402309199957302,0.007696633675976078,0.009369919270131912,0.6032838607552077,0.6631602566658583,324992.2,251322.5,259803.83333333334,3.9701929819305616e-08,4.9105435575346155e-08,0.36481842019946153,-0.010420757962436689,0.0827832156977627,-0.010195350003464242,-0.02442885031393449,-0.02239141354059271,-0.05436505907021938,-0.0019859973892658567,8.97003663082451,49.178949275402,44.86920970589857,0.037550139663569085,0.067743326163968,0.02201962450745578,0.022753611991037617,-1.0527422809202505,0.0,0.0,18.49,0.06570605187319867,0.021895133443785224,0.42142903999927245,1.4131488320550956,-0.027865404837013497,0.03283119831560261,-0.00857908847184985,0.034852546916890104,0.021817720144871135,-0.00857908847184985,-0.021817720144871135
600276.SH,2025-07-30 15:00:00,-0.03160874351313103,0.10591304347826092,0.10150701541659468,0.2119306270249668,0.23451756940399937,-0.10591304347826092,-0.2119306270249668,1.7142857142857142,1.36,0.046625481030924565,0.028710854573896397,0.021646710651617124,0.005286724449309108,0.011575465025313052,1.6700840854483516,6.916704908613994,1052988.4,661353.2,524835.6333333333,2.3183448562589983e-08,2.3757678321179098e-08,1.0930526186901122,0.5214863032961925,0.7824377362412693,1.671740305898316,0.07350259977040996,0.10834175759054632,0.16332746902946282,0.009823332821381823,83.16366996666063,72.77482364884997,76.14616507816368,0.10866655053553714,0.10463569322480865,0.029328510772133963,0.025509401747803997,1.0277497414242118,0.0,0.0,63.59,0.43349864743011723,0.0205264659431622,1.0841841553656724,4.424859461162715,0.24613990250753237,0.15965630797155242,0.5234786775275515,0.2517968375658839,0.021139882291608094,0.5234786775275515,-0.021139882291608094
600900.SH,2025-07-30 15:00:00,-0.025435540069686402,-0.008293020041465149,-0.04840848806366049,-0.046194749086075126,-0.022146507666098825,0.008293020041465149,0.046194749086075126,0.5384615384615384,0.9354838709677419,0.004384775237298412,0.007685721667209746,0.008338513997757918,0.005277164359960967,0.006258505883388509,-0.75508341900791,1.6272742462751206,1043613.4,870409.6,737260.45,7.347802035179426e-09,8.717275930238442e-09,0.3005756805440316,0.24296871463401026,0.32610906627469555,0.9524430612627429,-0.014998112365720573,-0.03287223467169886,-0.04577720393880125,-0.00505323152290566,8.87758184333758,28.326402152367407,35.22644734165287,0.04531732275413864,0.039176267360521023,0.012742658038825263,0.01305375808860128,-9.001861e+18,0.0,0.0,28.7,0.015210470463388637,0.008261714588579777,0.004755946793209962,1.1679528675785598,-0.014936131021503374,0.016473358896825552,-0.06818181818181823,-0.017857142857142905,0.010101110780502688,-0.06818181818181823,-0.010101110780502688
000975.SZ,2025-08-06 15:00:00,-0.018094731240021256,0.049134561697375734,-0.01623036649214671,0.01184706515885825,-0.04034729315628183,-0.049134561697375734,-0.01184706515885825,1.0,0.7878787878787878,0.029192296967598747,0.018309167474714776,0.018249193351314582,0.008968414617383173,0.009418579588488513,0.6492806589743263,0.6547739914235451,302538.2,277050.5,255955.26666666666,4.816818497758755e-08,5.096928053786456e-08,-0.06909088895056559,0.10586817580178787,-0.27436838451297596,-0.10609704537721326,0.01435974951414365,2.6610606987942376e-05,-0.03202541426976924,0.0004508931285690781,60.50797980213957,50.823431995062904,49.978459517428355,0.047596832124820146,0.07318254065341358,0.02505131909070174,0.023264654451455927,-0.5303466801461107,0.0,0.0,18.79,0.0597856739988718,0.022275036677509148,0.4338461995156789,1.2679633584343897,-0.013574937768775719,0.031441107101873436,0.09180708890180123,0.07786170830912265,0.021667739222333227,0.09180708890180123,-0.021667739222333227
600276.SH,2025-08-06 15:00:00,0.016726209808379355,-0.020985691573926823,0.07095652173913036,0.06909722222222214,0.1640831758034027,0.020985691573926823,-0.06909722222222214,1.1111111111111112,1.1851851851851851,0.014497758793150647,0.026019318561173746,0.021209755592858336,0.006698123968822626,0.010001646324496965,1.949522300567346,7.723890867486437,656045.2,696591.4,535564.1333333333,1.8569096585957617e-08,2.3032691104106135e-08,-0.3769682553008181,0.5629510072980124,-0.3400847023299642,0.13630654132990513,0.003879886537771604,0.03617701497560133,0.10887689749761398,0.002322168687697244,23.99414525391441,63.24390568405851,70.70856343675048,0.08814965974474681,0.12031703223593304,0.03264046768431308,0.028522711455481815,0.19379124920334379,0.0,0.0,61.58,0.3794802867383511,0.020617625269530322,1.0958507213701567,4.392916816704321,0.18985972098774972,0.14207938482339724,0.48743961352656995,0.3814009661835749,0.021098146651770785,0.48743961352656995,-0.021098146651770785
600900.SH,2025-08-06 15:00:00,-0.012155881301394333,0.004669540229885083,-0.033517622667588176,-0.06454849498327764,-0.07014627659574468,-0.004669540229885083,0.06454849498327764,0.42857142857142855,0.875,0.01458946212277769,0.009809169751096287,0.009093067065971499,0.008205670269190762,0.007343316255745231,-0.962756942001271,1.9711877709510373,1263294.6,992833.95,789183.0666666667,7.368174790275616e-09,8.660987955806389e-09,0.21050055509061116,0.3367632948230401,0.31100535163254617,1.0234705015754317,-0.014099400775467008,-0.04071063552491683,-0.06619332724966054,-0.004054244797991728,26.81027152638832,13.31703591575507,28.959362639321398,0.0634783683392044,0.0544366180229068,0.013483834720874392,0.012896470708412058,-1.1708956e+19,0.0,0.0,27.97,-0.0070997515086973495,0.008696301921384354,-0.3031770735880798,1.6292349556168535,-0.039947826982374424,0.003634927045004838,-0.09890463917525771,-0.034149484536082464,0.010078253377696942,-0.09890463917525771,-0.010078253377696942
000975.SZ,2025-08-13 15:00:00,-0.0043360433604334725,-0.021220159151193796,0.03015075376884413,-0.017048481619605815,-0.10436893203883502,0.021220159151193796,0.017048481619605815,1.0,0.7878787878787878,0.012357014965241116,0.01854708861172355,0.01833012269012343,0.009704732867962506,0.009659537113285942,0.617123479710305,0.6115466492207235,295033.6,290171.3,258606.98333333334,4.631745073283646e-08,5.102375145252302e-08,-0.024805462582906945,0.19121337821419782,-0.4572293588981254,-0.17782055698310267,-0.003403014098201207,-0.015107030374205799,-0.045418093078203325,0.0007991060854004819,46.12221857335801,41.68844295994573,46.86343508669326,0.04885780176772422,0.07685717692505122,0.022764227642276435,0.022919086333720484,0.4117146134735885,0.0,0.0,18.45,0.057912844036697164,0.02224945803335999,0.4328761860687904,1.2805750210120506,-0.033685699072093844,0.03313088736430728,0.03768278965129346,0.06074240719910007,0.021643337732871876,0.03768278965129346,-0.021643337732871876
600276.SH,2025-08-13 15:00:00,0.003833253473886078,0.029600394671928987,-0.004610492845786962,0.0845314394595531,0.11923489452985336,-0.029600394671928987,-0.0845314394595531,1.0,1.1071428571428572,0.015475620687642761,0.026660791466955124,0.02104013773758797,0.0068868818563707496,0.009903833323573759,2.0757048252470027,8.353819093370944,500123.0,678061.0,535813.0166666667,2.068877632031436e-08,2.203447244466614e-08,-0.23766990445170544,0.47243269818127476,0.37086601415068693,1.0235004066931006,0.015703578728788914,0.03592051489932002,0.11471479313117783,-0.0028351630359257944,54.544822550546876,67.32712206860236,69.15086570644317,0.07768333996792022,0.12966678089920747,0.03208068085883132,0.02893764118009445,0.1783867678856943,0.0,0.0,62.61,0.3464516129032258,0.02070558502095857,1.0802435509236672,4.267148577029324,0.19411050433256838,0.14581190007459016,0.48329779673063245,0.35560293769248985,0.021134408513548218,0.48329779673063245,-0.021134408513548218
600900.SH,2025-08-13 15:00:00,0.0021715526601520097,-0.015324305060584464,-0.007543103448275912,-0.08388594164456242,-0.10292207792207797,0.015324305060584464,0.08388594164456242,0.42857142857142855,0.7647058823529411,0.004927091026682194,0.008540162064878632,0.008645911289406005,0.008036361212849636,0.007131135889511832,-1.012138387362187,2.4774311201510293,959583.4,1017228.9,814669.7833333333,6.549355795706303e-09,7.844609049790227e-09,-0.24041201474303786,0.3074093959990323,-0.18886894963465187,0.34058064586999764,-0.00981938073394506,-0.031223155274276326,-0.07098986819689768,-0.0015278757797978768,20.313975558093247,22.651737796557327,26.369471130847515,0.0512084228574384,0.06714718660746176,0.01173672509177394,0.01271909415231889,-1.2916595e+19,0.0,0.0,27.63,-0.014621968616262526,0.008662571598161518,-0.2641926770050487,1.6698731603207948,-0.051080685044418206,-0.0108950731794506,-0.07468184862692562,0.016075016744809156,0.0099671248670495,-0.07468184862692562,-0.0099671248670495
000975.SZ,2025-08-20 15:00:00,0.025585193249863858,0.008786381109280539,-0.025464190981432377,-0.038219895287958106,-0.08104052026012998,-0.008786381109280539,0.038219895287958106,0.6666666666666666,0.6857142857142857,0.010997857869982152,0.017112244708884474,0.016629151191828173,0.010162476945319176,0.00932377636668387,0.4839029160188525,0.49355060625384706,338917.6,315370.4,262788.81666666665,3.828727175213201e-08,4.644634202030616e-08,0.1487423805288619,0.3479461446254579,0.6246189809489033,1.2586890194003748,-0.0014133507284191937,-0.0048754062838569645,-0.04043877595438117,-0.0005472684451623244,47.62341347719619,58.78932742248592,47.44824824683427,0.03615591278987891,0.07611431169252397,0.020724784197838096,0.02220234854965394,-1.645565270584859,0.0,0.0,18.37,0.13395061728395063,0.022068931008737972,0.40141769044155035,1.361620276484711,-0.04066010105186213,0.05581023252514806,0.06246385193753623,0.12608444187391554,0.021474159836078897,0.06246385193753623,-0.021474159836078897
600276.SH,2025-08-20 15:00:00,0.0031821797931581575,0.00047755491881562584,0.03354711396151955,0.09304347826086956,0.15852534562211984,-0.00047755491881562584,-0.09304347826086956,1.2222222222222223,1.1851851851851851,0.01547094149836505,0.026870923499898773,0.02072097455063433,0.008071673561207745,0.010017735739259395,2.114745137803511,8.86147770702425,712635.8,730448.1,554199.4,1.9363788978214375e-08,2.1028054265721365e-08,0.4249210694169234,0.4890473853436137,-0.22152873265918674,0.34466865154074683,0.013431800957802054,0.018977131786087842,0.10552793282986994,-0.002475833872075573,69.01169387151928,50.20357722098863,63.698051816230105,0.06065874770715161,0.1415534747540955,0.027139447664507325,0.028696442777588354,0.23571882601828031,0.0,0.0,62.85,0.31183469004383224,0.020288550660531212,1.1192370246746168,4.838132999963771,0.18437231565045464,0.12461636434083555,0.49110320284697506,0.3553973902728351,0.020938224053617754,0.49110320284697506,-0.020938224053617754
600900.SH,2025-08-20 15:00:00,0.009750812567713929,0.0010845986984815426,-0.013186029935851606,-0.04319281271596409,-0.09302325581395343,-0.0010845986984815426,0.04319281271596409,0.6666666666666666,0.8181818181818182,0.0012637766446294391,0.0076452842291323455,0.00829769632551936,0.007963653549720251,0.007119201718253764,-1.1498236312504706,3.3624392321251535,1081106.8,1086899.55,852737.0166666667,3.9134274486734536e-09,7.024008480259365e-09,0.12664183227846593,0.33426714067194485,-0.15736010765784234,0.48175670651371433,-0.001262398557258848,-0.012746234067207207,-0.06125516298359701,0.0011659302749123597,37.12571876449673,44.18398387227951,19.606352977507456,0.03139314592347067,0.0754932542759918,0.009570241964608145,0.01174998710209976,-1.1947713e+19,0.0,0.0,27.69,0.006177325581395499,0.008500269676113269,-0.3264841673931221,2.0133360278045647,-0.04899283911184371,0.006349440875412883,-0.0692436974789915,-0.01915966386554624,0.00986978553031821,-0.0692436974789915,-0.00986978553031821
000975.SZ,2025-08-27 15:00:00,0.10084925690021218,0.03176341730558585,0.034596375617792274,0.051926298157453976,-0.05469141996989457,-0.03176341730558585,-0.051926298157453976,0.8181818181818182,0.6857142857142857,0.020438997554249647,0.01837919003555097,0.016851061557965286,0.010399264950640854,0.009475532919974862,0.46852026929177626,0.40996591334807597,360960.0,324362.35,276551.3,3.703731814577801e-08,4.49219181367942e-08,0.06503763746704228,0.2906220095693779,-0.1274667846893455,0.3553385502519275,0.02230180693472228,0.019977261653402634,-0.010070934407566123,0.005332482854417883,74.3813324872488,50.327983390950635,48.42150240253243,0.0390857825924191,0.07246338696642415,0.019714892326357304,0.022179253867151964,-2.33775e+17,0.0,0.0,18.84,0.12410501193317414,0.022106953376188856,0.40962659250995315,1.3470179004019256,-0.021006274601504393,0.05187549130635138,0.09090909090909083,0.07064273306311519,0.021608072611565395,0.09090909090909083,-0.021608072611565395
600276.SH,2025-08-27 15:00:00,0.14163362410785107,-0.014689795280512619,0.003661254377586687,0.0023847376788552754,0.17019302152932436,0.014689795280512619,-0.0023847376788552754,1.2222222222222223,1.1071428571428572,0.02423701304271983,0.016811175771078064,0.02154842068438041,0.009972657651608461,0.010615127748700878,1.8656244713876766,7.490806237089927,751375.6,655044.9,583691.2833333333,1.9446976851174076e-08,2.1570449851734762e-08,0.05436128805204565,-0.009538473541822912,1.0739686922607534,0.8965318011620793,-0.010856264315522113,0.005710457474637831,0.09292301291977711,-0.0005017936458829537,59.56864903632011,59.68587360154183,58.5617222759797,0.04886041208191122,0.15656728381598298,0.028718703976435948,0.029885578339186585,0.18974947107238127,0.0,0.0,63.05,0.35533104041272545,0.020377717415928177,1.0950071102085426,4.560493558631812,0.17122918691988076,0.13922400711024793,0.48352941176470576,0.4962352941176471,0.02099447003749653,0.48352941176470576,-0.02099447003749653
600900.SH,2025-08-27 15:00:00,0.0,0.003949730700179455,0.010845986984815648,0.004310344827586299,-0.06174496644295302,-0.003949730700179455,-0.004310344827586299,1.0,0.9354838709677419,0.01078871918852664,0.009079915876152813,0.008612205230935832,0.008877747502820449,0.007387232449030725,-1.0210594660620813,3.0535268428565012,1360610.6,1166148.85,912275.05,4.186630048888287e-09,6.6053618736997955e-09,0.2585348644555747,0.33977020703815786,0.24460280559265407,0.9286609655980075,0.003625399332352286,0.002815486971647907,-0.046325088540097537,0.004573730830933462,65.27387116864594,47.40750460684201,31.94125417676611,0.016156337348772642,0.07888579323305302,0.010014306151645185,0.011151134273451851,-9.956532e+18,0.0,0.0,27.96,0.027185892725936966,0.008586450374810685,-0.32194740261270527,1.9546702527757986,-0.040741058409812014,0.021072266644538942,-0.0538071065989848,-0.02876480541455162,0.00990442296307126,-0.0538071065989848,-0.00990442296307126
000975.SZ,2025-09-03 15:00:00,0.01687560270009647,0.09157894736842098,0.13581599123767774,0.10026525198938985,0.024703557312252933,-0.09157894736842098,-0.10026525198938985,1.0,0.7878787878787878,0.02898562520274447,0.02019457737978573,0.018919816257461607,0.007957585677445558,0.0097366933607158,0.7999448788072151,1.327287668560761,471763.6,366668.7,298082.26666666666,3.153030139271686e-08,4.3389473829019244e-08,0.30696919326241123,0.3234724355307066,0.5389193835294361,1.1668053943244845,0.06753139798229357,0.09665820642978007,0.08875201231889118,0.014205386167475308,80.42325223391907,80.69681278565751,62.66514689266596,0.09416146437809038,0.07824673563079429,0.02751756440281029,0.024039123846259815,0.897235940044405,0.0,0.0,20.74,0.1947004608294931,0.02299599796299154,0.45871670519214436,1.1376004355367897,0.07010181618051736,0.080879420572931,0.14966740576496673,0.041574279379157364,0.021771774520548577,0.14966740576496673,-0.021771774520548577
600276.SH,2025-09-03 15:00:00,-0.023061961656015706,0.1419958749801682,0.12486325988435687,0.1836868936030258,0.2895019706198496,-0.1419958749801682,-0.1836868936030258,1.8571428571428572,1.2692307692307692,0.022594546370072396,0.021440904121071754,0.02293048532071014,0.011948422266626551,0.010720649137766882,1.5652724893084844,4.970909548361087,965025.0,732289.85,624857.0333333333,2.1411352081145097e-08,2.177851154107944e-08,0.2843443412322679,0.05124733093173406,1.7465875253102439,1.6838483084888454,0.0872454836565768,0.12274900367334562,0.2241704790897805,0.007707711246030893,79.58317142077416,73.96453346095575,73.50432407028691,0.09319987068921182,0.17810488836954666,0.034325010915730564,0.03113464057476284,0.6848111151231171,0.0,1.0,71.98,0.5984898956251388,0.021198106686922562,0.9829953287542331,3.5648499284994895,0.31464116609414194,0.1953569429082463,0.7012526589458756,0.4554478846608365,0.021408763935960785,0.7012526589458756,-0.021408763935960785
600900.SH,2025-09-03 15:00:00,0.0017882689556509845,0.0032292787944026013,0.003949730700179455,-0.0035637918745544672,-0.0738655183835707,-0.0032292787944026013,0.0035637918745544672,1.0,0.875,0.011109374533541395,0.007654011467373399,0.00899185658842679,0.004172102792930875,0.007200916085301193,-0.7717389011566925,2.246852781414099,1285824.6,1171781.35,969110.05,4.439124719245248e-09,6.700821258958153e-09,-0.054965028201308996,0.18023900169811902,0.31768373221341284,0.759887504668157,-0.0023549561121815055,0.0030313357607933966,-0.040839779763640394,0.003347076924091532,39.57795099621912,56.46393659066757,41.89709285186821,0.016404751416223277,0.08179335491762657,0.012058042100960535,0.011904761904761887,-1.0748167e+19,0.0,0.0,27.96,0.0260550458715596,0.008752961403467763,-0.30661299450515334,1.6938216889228483,-0.041845030884734125,0.03339182201713535,-0.06016806722689072,-0.059831932773109275,0.009957025613090092,-0.06016806722689072,-0.009957025613090092
000975.SZ,2025-09-10 15:00:00,-0.002844950213371167,0.036363636363636376,0.1100000000000001,0.15815485996705103,0.05714285714285716,-0.036363636363636376,-0.15815485996705103,0.8181818181818182,0.7878787878787878,0.03434317300252974,0.024511490781717816,0.02016625412121835,0.009416388217476106,0.010204907940853696,0.8092830702700314,1.0741868855289787,434076.0,401429.3,311731.2166666667,4.127776984062647e-08,4.404001268887369e-08,-0.07988662118060819,0.3834217925756269,0.4163607323325784,1.1718620104986708,0.024880940810574348,0.08134437408670236,0.10469938104009713,0.010780264273184514,58.43044949988447,73.16459012932896,67.29310725597199,0.12863114329901296,0.08833871066935627,0.03911806543385491,0.028618844408318096,1.6811811100691783,0.0,0.0,21.09,0.12480000000000002,0.023143897160886592,0.5110623954805377,1.1624723733220614,0.08136285560464529,0.05011685048669854,0.27355072463768115,0.11413043478260865,0.02199842304151361,0.27355072463768115,-0.02199842304151361
600276.SH,2025-09-10 15:00:00,-0.00270193401592711,0.024326292789511816,0.11565920990004752,0.11938872970391579,0.3633191159364093,-0.024326292789511816,-0.11938872970391579,1.2222222222222223,1.2692307692307692,0.037279787362456136,0.027044229347115686,0.023809209651362653,0.015291899109118963,0.01071950110274483,1.4681356663929608,4.190914692581405,804691.0,808431.85,648998.9166666666,2.4848867394817886e-08,2.1722940187364425e-08,-0.1661449185254268,0.192270090744048,-1.7582391657572274,-0.5929513406055217,0.014279532669839723,0.0568714680774316,0.16692388111714052,0.004760209544641858,56.958097352092906,64.34402231829688,64.3456624307729,0.10993764173364858,0.19725210834770435,0.04044774906549652,0.03217942467089225,0.17101440377799304,0.0,0.0,70.32,0.5080420330259487,0.02212395739658592,0.9211981314136701,3.0962954988767475,0.2607215264196636,0.1604912749480502,0.6165517241379308,0.43931034482758613,0.021802697166781525,0.6165517241379308,-0.021802697166781525
600900.SH,2025-09-10 15:00:00,-0.011067475901463841,-0.007793127878143791,0.005023322569070787,0.012653651482285033,-0.08821614583333326,0.007793127878143791,-0.012653651482285033,1.1111111111111112,0.7878787878787878,0.006275645224624873,0.007727229401662229,0.008835900656104035,0.004377198854358338,0.0070949623954433385,-0.7971949176510265,2.3869723236513667,1017732.8,1186318.7,993865.6166666667,4.212520403562442e-09,6.4570144144048425e-09,-0.20849795531987803,0.16622591041210089,-1.6512894046635913,-0.9779870538614298,-0.0010342736902170246,0.002182546781637873,-0.032386216426288805,0.002361708869619089,39.071302770282514,53.119657065671106,50.46890196849816,0.016563669042583933,0.0790841052413136,0.013209568011424472,0.011233233029020228,-9.919775e+18,0.0,0.0,28.01,0.01338639652677287,0.008652494784933556,-0.31231394017370817,1.812992183810378,-0.04110917753116705,0.01745416619449822,-0.06069751844399729,-0.07344064386317917,0.009906018493664058,-0.06069751844399729,-0.009906018493664058
000975.SZ,2025-09-17 15:00:00,0.0342368045649073,-0.011283497884344018,0.033415233415233336,0.15169769989047088,0.10393700787401583,0.011283497884344018,-0.15169769989047088,1.2222222222222223,0.9032258064516129,0.013566034204711693,0.02475440340422036,0.01928785330908697,0.009020918790739128,0.008722138066040214,0.9481344432410331,1.2179307739940541,379154.4,411488.5,320274.18333333335,4.2975698141925906e-08,4.109600308856549e-08,-0.12652530893207636,0.304778444647944,-0.24361353583546866,0.4881715705412189,-0.0026084894474744935,0.038185273862710645,0.09235404113858303,0.002201528171389158,30.139406075509143,67.5025331377469,62.42189037571735,0.11105554705894453,0.10619249677521331,0.04035051966578354,0.02953264044562189,1.389771e+18,0.0,0.0,21.03,0.1618784530386741,0.022913766725846316,0.5180441194718215,1.2404849427631408,0.07175164037118065,0.0654650276566988,0.37181996086105684,0.19830397912589692,0.02159351431558876,0.37181996086105684,-0.02159351431558876
600276.SH,2025-09-17 15:00:00,-0.000285184657065396,0.026943915653829142,0.02155863073561526,0.09595249257696503,0.3465821812596006,-0.026943915653829142,-0.09595249257696503,1.5,1.2692307692307692,0.016931430172719784,0.027299692619858134,0.024197879750377186,0.01604240747831264,0.011071770190170969,1.4009833015007407,3.9020407401983666,881214.0,850576.4,690523.9166666666,2.3684831120103365e-08,2.1391111325088127e-08,0.09509613006731787,0.1644583646668396,-0.8094754007515153,-0.30934804037273383,0.0011134585736307656,0.029385861906998212,0.1369543953698249,-0.0038368789474833636,40.25001524124838,67.47670004315268,64.27783592747039,0.08685863615849615,0.1898452756832239,0.0435212157014524,0.03501660182110774,0.1763789393559556,0.0,0.0,70.13,0.4492663773506922,0.021774873056175516,0.9678197234612052,3.37118615005787,0.23539722198571345,0.17038070792212198,0.5756009885419007,0.4120422376993935,0.02185784434476997,0.5756009885419007,-0.02185784434476997
600900.SH,2025-09-17 15:00:00,-0.016245487364620947,-0.010714285714285787,-0.018774353524619203,-0.0053859964093357915,-0.10961105753776923,0.010714285714285787,0.0053859964093357915,0.5833333333333334,0.6388888888888888,0.00164772572605982,0.007856578573524564,0.008546354351120321,0.003897413736976356,0.00695843519167802,-0.8269172796714817,2.943943377140275,779880.8,1111012.2,1004171.9666666667,4.749793583355854e-09,5.907826356581025e-09,-0.23370770795635165,0.02218480079414875,-1.2055428908245593,-0.9750672927550146,-0.009405285555913245,-0.010519923556413069,-0.035280186675025305,9.141641562068127e-05,0.0,46.23693648646733,48.10943985343876,0.013336462071032696,0.07352681467235342,0.011165549252191828,0.01074007220216604,-1.3819179e+19,0.0,0.0,27.7,-0.0025207057976233127,0.008535705733353407,-0.28694186609129946,2.0233342399754948,-0.05190019281452163,-0.00033129209091482424,-0.04974271012006859,-0.05008576329331038,0.009757463496813753,-0.04974271012006859,-0.009757463496813753
000975.SZ,2025-09-24 15:00:00,0.12551724137931042,0.06827111984282919,0.02256699576868826,0.14473684210526305,0.12694300518134716,-0.06827111984282919,-0.14473684210526305,1.5,0.9032258064516129,0.026111525774617263,0.025831537440296093,0.019980045782039962,0.010348165521795313,0.009518788722431476,0.7831207863157619,0.8139894289073841,384996.6,417497.65,331060.8333333333,4.786261801800295e-08,4.153395532769552e-08,0.015408498490324662,0.2871335097923666,-0.896653789495482,-0.1381938946150928,0.03212641769088398,0.04439269165206117,0.12094141900017186,-0.00040813785775624216,58.807665051534244,62.48066679042024,68.2909673355063,0.06476901255862443,0.1171004102994302,0.0340229885057471,0.03126436781609194,176.848987463838,0.0,0.0,21.75,0.19243421052631593,0.02297191930582372,0.4846748794988057,1.2107216806600647,0.1030297395412918,0.0710325851789567,0.362781954887218,0.18045112781954886,0.02176020667848782,0.362781954887218,-0.02176020667848782
600276.SH,2025-09-24 15:00:00,0.014833832548851955,-0.013785342523561783,0.026651047005417983,0.1123274631128035,0.3361921097770155,0.013785342523561783,-0.1123274631128035,1.5,1.4583333333333333,0.018690342709433778,0.026407128396666927,0.024493839465934236,0.014821236423698871,0.010867617170255498,1.3046532827319122,3.5447931277093416,584640.6,808892.65,708430.25,2.3837620783988913e-08,2.215601539925099e-08,-0.3365509399532918,0.23486596109671254,-1.1770884899683975,-0.9539194868448921,0.005478430472694029,0.008356225459880129,0.10936469843614027,-0.004471783937480087,57.83405425496565,55.457572573577664,59.90919770507616,0.06218460588008771,0.17494924833288136,0.036320475986714736,0.037140615767059924,0.33008700863774365,0.0,0.0,70.11,0.37362852664576796,0.021100962399649936,0.9917340112438301,3.990896520746592,0.21669286647066222,0.13731787364130618,0.543253356812679,0.38784943869689625,0.02195530832899878,0.543253356812679,-0.02195530832899878
600900.SH,2025-09-24 15:00:00,0.01577981651376148,-0.002196997436836323,-0.0267857142857143,-0.02224614280588455,-0.09438351611831175,0.002196997436836323,0.02224614280588455,0.35714285714285715,0.5945945945945946,0.007604810365921767,0.007032558949563901,0.007867783250790706,0.0038585246913228877,0.005935625264756116,-0.4875682643368934,2.888106225202931,925363.6,1002200.45,1012919.6333333333,5.0692565888704955e-09,5.534562890979402e-09,0.18654491814646534,-0.14058959968961093,-0.365122732625186,-0.3532729373467279,-0.01038640325392215,-0.01934322986954573,-0.042117535400641004,-0.0019616486376010053,22.997467535712858,18.393711320287892,45.66754636985538,0.02566232512606398,0.06925190998408157,0.009121887287024883,0.011284403669724751,-1.6701051e+19,0.0,0.0,27.25,-0.040492957746478875,0.008657884889476391,-0.2604781820464429,1.7896932793729805,-0.06651441621467313,-0.01596929542701983,-0.01978417266187049,0.0057553956834532904,0.009788826775139243,-0.01978417266187049,-0.009788826775139243
000975.SZ,2025-10-09 15:00:00,-0.028186274509803932,0.15689981096408312,0.2023575638506876,0.202948402948403,0.31825525040387714,-0.15689981096408312,-0.202948402948403,1.2222222222222223,1.0689655172413792,0.04198966386125955,0.02996209845217552,0.02321864042963476,0.010985783558133018,0.009760235100206379,0.8873099271877377,0.7929079887949366,431908.4,407533.85,350417.68333333335,5.5724206349856175e-08,4.514089757338687e-08,0.12184990724593425,0.11144979105115871,1.9318233833516567,2.232881219467698,0.13003739094308275,0.1453167399644426,0.24315494578970998,0.009150785892750517,84.09909084423712,71.48559199820627,72.76954743792332,0.09004161292340954,0.14574691190131656,0.03259220354808588,0.03365721288515405,3.3550343974190886,1.0,1.0,24.48,0.22216674987518714,0.024011214477635576,0.6210511423089041,1.3073911887023657,0.23147092360319266,0.08865438044631288,0.4693877551020409,0.2448979591836733,0.0223222313747478,0.4693877551020409,-0.0223222313747478
600276.SH,2025-10-09 15:00:00,-0.060576247364722446,-0.015497440154974229,0.000844000562667091,0.036416605972323435,0.23524305555555558,0.015497440154974229,-0.036416605972323435,1.0,1.2692307692307692,0.028090844825021215,0.024490867006229877,0.023896168093086062,0.013096994018902587,0.011011789227126244,1.1951864154054646,3.575450300932474,651663.4,730552.25,719811.1666666666,2.577210829089632e-08,2.191751898599968e-08,0.11463931858307497,-0.002372830922072744,-0.41164176522215257,-0.4102128775708281,0.00800453354112074,0.011824768730846147,0.10105798544302824,-0.0034111519250201545,59.31981002015719,59.93094490686086,58.56554111167483,0.035747640451403884,0.15726650829065325,0.03130207810460793,0.038123682361208694,-0.030931070296096874,0.0,0.0,71.15,0.47064902852418355,0.02121382800970522,1.0163059641635077,3.6100242788645582,0.2155640029043695,0.1611298991046758,0.6658862093186608,0.6853195972840085,0.02218501886453073,0.6658862093186608,-0.02218501886453073
600900.SH,2025-10-09 15:00:00,0.01734104046242768,0.014290949065591807,0.01354815086049066,-0.019482819695359588,-0.07424749163879596,-0.014290949065591807,0.019482819695359588,0.46153846153846156,0.5945945945945946,0.008459293883014946,0.006527224211777777,0.008117908125547446,0.003470341417603781,0.005907793801268391,-0.3873616082129405,2.629453127798627,821347.2,886081.1,1016898.8,5.053135531392103e-09,5.6201450136376556e-09,-0.11240597749900694,-0.24381703122344467,0.8237623588652292,0.2969074165578524,0.013214246495113269,0.0014109475055172904,-0.01929175007528916,0.000775339368412683,69.26058726739345,42.41412064039175,48.285134037787095,0.026590473917117368,0.06288576036915182,0.01006399669694467,0.011676816680429379,-1.5686031e+19,0.0,0.0,27.68,-0.05205479452054795,0.008025268612398431,-0.6356167750598614,1.977533564994185,-0.04974152259924991,-0.050436723015143355,-0.016696269982237943,-0.006749555950266384,0.009362009393940277,-0.016696269982237943,-0.009362009393940277
000975.SZ,2025-10-16 15:00:00,-0.0672551492223622,0.011479591836734748,0.12429111531190928,0.11847672778561358,0.26744805540756533,-0.011479591836734748,-0.11847672778561358,1.2222222222222223,1.0,0.03753693733087555,0.03138676341081325,0.02519684523311126,0.01282481853413833,0.011158400076641338,0.7045614283824883,0.256838009909667,455163.4,412805.7,368135.43333333335,5.721610426903032e-08,4.827044161416441e-08,0.053842435108925946,0.028339735041762015,-0.8613524236686524,-0.365665354732651,0.026094457623463407,0.07505987618057741,0.1822978356842897,0.007370171328069568,60.14981991972155,69.53620232667546,64.22763430804315,0.1304290472181726,0.18311133148181377,0.046358013571128315,0.04101363117756559,1.113146939798213,0.0,0.0,23.79,0.1339370829361295,0.023734464644020535,0.6313532281640707,1.4156063560939351,0.19003551598219204,0.043142220759511046,0.34255079006772005,0.19018058690744932,0.022676681511222988,0.34255079006772005,-0.022676681511222988
600276.SH,2025-10-16 15:00:00,-0.025433871932974306,-0.019941348973606998,-0.07513491075134904,-0.021232977009811194,0.15780356833535425,0.019941348973606998,0.021232977009811194,1.2222222222222223,1.1428571428571428,0.03200517492340835,0.02347417924320146,0.025609422654707635,0.012173008366389354,0.01253008281638035,0.9244356928609403,2.485255408451095,582588.2,675026.55,720506.4666666667,2.9755903725964458e-08,2.5097849147032236e-08,-0.10599828070749417,-0.1650173728311174,-0.6655211158506883,-0.8503230555869488,-0.02698925670364205,-0.03425756021441673,0.02209128072339528,-0.01179831132056644,27.394324429988032,41.03902171422362,51.557420377980776,0.05671252214158614,0.14023811490607777,0.040085064546464884,0.04254295973326492,0.16563367057762357,0.0,0.0,66.84,0.39250000000000007,0.022143663857397054,0.8472574857042033,2.9577274029103204,0.12756365108619105,0.12951997796580642,0.3730484798685292,0.44453574363188153,0.022050125202863115,0.3730484798685292,-0.022050125202863115
600900.SH,2025-10-16 15:00:00,0.002485795454545414,0.015506671474936784,0.031879809454012475,0.005714285714285783,-0.06631299734748008,-0.015506671474936784,-0.005714285714285783,0.6666666666666666,0.6857142857142857,0.004259649071060977,0.006433566851768216,0.007875669258909982,0.0036127998918271094,0.00607792440430597,-0.6298632425254825,2.933182276465217,1024068.6,887665.05,1030404.2166666667,5.064726562118486e-09,5.275534253795742e-09,0.24681571934499802,-0.25174824437986176,0.21109174379620432,-0.2443034632704683,0.018113453125564893,0.020382281003713976,0.004912748165154079,0.003915630432171963,94.25690617219766,71.99038528097526,51.03422478910744,0.023338876051031455,0.043384903211577126,0.011744115259740267,0.011591923701298693,-1.2418334e+19,1.0,0.0,28.16,-0.0480054090601757,0.008056858274707295,-0.6598451016360037,1.9557455341435963,-0.031425918070189574,-0.03384860771457157,-0.028630562262849213,-0.033804760262159284,0.009278660300395744,-0.028630562262849213,-0.009278660300395744
000975.SZ,2025-10-23 15:00:00,-0.017575484452456047,-0.0738731218697829,-0.05654761904761896,0.08988212180746569,0.16178010471204196,0.0738731218697829,-0.08988212180746569,0.8181818181818182,0.875,0.020416092212247158,0.03341862777315185,0.025844473190207547,0.015405664095674945,0.012262592441938867,0.7019348453523695,0.362024218212865,394236.8,416576.3,381145.06666666665,5.9140070735176305e-08,4.680101354307807e-08,-0.13385654470460506,0.012364379563462924,-0.861423321629154,-0.4704666645730873,-0.052397830635862896,-0.015527950310558869,0.08674181515431023,-0.00965591121478542,7.180245039824399,57.039804914972514,55.29205372545956,0.12223017112845863,0.1931655192369864,0.05629949140539497,0.04496877615399471,0.5336635742373916,0.0,0.0,22.19,0.10398009950248754,0.021921258473026232,0.7634339777690041,0.9739380692781365,0.10653540722148591,0.04273286609475299,0.26510832383124305,0.1989737742303308,0.02223995188214173,0.26510832383124305,-0.02223995188214173
600276.SH,2025-10-23 15:00:00,-0.03469450414491859,0.0006144393241167556,-0.044868035190615885,-0.08369672246448168,0.13286956521739124,-0.0006144393241167556,0.08369672246448168,0.8181818181818182,1.1428571428571428,0.014643779417498495,0.023142150140947074,0.025749144714379984,0.01301306773363984,0.012713193766215767,0.9342366037619085,2.450261242655985,357323.2,544053.85,708359.45,3.4258147995192594e-08,2.5768922697836775e-08,-0.3866624830369032,-0.36037039118414294,-1.3213364060804054,-1.1556912157937107,-0.01201237638779351,-0.045686617783865735,-0.013359183302535604,-0.008970333432520303,34.34530532726646,31.84770620930938,39.30022263963028,0.07644626294185664,0.12014347694052817,0.03803894907671391,0.03781964121233387,-0.15978319170085487,0.0,0.0,65.14,0.2958026656057291,0.021984735522068307,0.8963484229589913,3.198856781605331,0.08722804694519626,0.10263611073998671,0.2976095617529879,0.397011952191235,0.02038856659463144,0.2976095617529879,-0.02038856659463144
600900.SH,2025-10-23 15:00:00,0.008501594048884176,0.004268943436499528,0.018031013342949764,0.03368729403149029,-0.024533517622667644,-0.004268943436499528,-0.03368729403149029,1.0,0.7352941176470589,0.004973595862439529,0.006625191478648734,0.007426141081829642,0.0037478426413998555,0.005540581386630476,-0.6210191767800329,3.635605355500379,853532.6,906078.0,1034663.25,5.598595949779962e-09,4.753938993936422e-09,-0.16652790643126836,-0.18445720037997781,-0.5055222848584997,-0.6762145682430514,0.008430377938129618,0.020736535714931392,0.011846090431728129,0.0029074144719783354,68.84434759452633,73.62223663531965,52.48400522745074,0.027362815719968177,0.027786530591204336,0.01189211072314153,0.01027275947573502,-1.3876443e+19,1.0,0.0,28.23,-0.04369918699186992,0.007927208246591549,-0.7041949445579596,2.188982664528651,-0.02719467018924271,-0.040878337236692576,-0.03355015405682982,-0.051694625128380745,0.008602308355944012,-0.03355015405682982,-0.008602308355944012
000975.SZ,2025-10-30 15:00:00,-0.031192660550458662,0.0009182736455464191,-0.09015025041736224,0.030245746691871522,0.21719709659408148,-0.0009182736455464191,-0.030245746691871522,0.6666666666666666,0.9354838709677419,0.028585795111445315,0.03384426053244589,0.02650563349055481,0.013657339699495204,0.01242025418907288,0.6167308583894464,0.07666618920137447,350151.8,407865.1,383241.7,6.195513378214348e-08,4.8951689981974816e-08,-0.11182365522447424,-0.023072105914847763,-1.1545099230447697,-0.8557215596855338,-0.023778603734718518,-0.04209508744177881,0.05391228678016913,-0.013203363722196607,40.20056615556362,38.83534535974272,52.46484815076541,0.09832759736665189,0.18640268625818146,0.04963958060288334,0.0441186107470511,-0.2239928800960589,0.0,0.0,21.8,0.054668601838413045,0.0224533994745871,0.7581821794186013,0.758018624910668,0.08355734859812691,0.03184791067235338,0.1577270313329795,0.15507169410515154,0.02217065826279913,0.1577270313329795,-0.02217065826279913
600276.SH,2025-10-30 15:00:00,-0.007315521628498689,-0.039999999999999925,-0.03410138248847916,-0.12992943129929424,-0.00031796502384728864,0.039999999999999925,0.12992943129929424,0.8181818181818182,1.1428571428571428,0.028517868563800893,0.025095407425366763,0.023197770534268605,0.015876700221050612,0.013831078502059028,0.08323155507505468,-0.03881740510198428,626936.0,554627.7,672855.0833333334,3.472200668098227e-08,2.6002201438715085e-08,0.7545348300921966,-0.3143370755068674,0.295788201185874,-0.2409347773679607,-0.032109103223224356,-0.05910519227891664,-0.05230317858237343,-0.007024300133325626,33.17458370443981,34.785782372569926,41.47938932899723,0.08205777337239832,0.10751125558594372,0.03502135587059253,0.036157306434023984,-0.2158990168687922,0.0,0.0,62.88,0.2207338380896915,0.022423846484036947,0.7592977200959348,3.0158453600255966,0.03923148435079016,0.08887463997346295,0.24564183835182263,0.3888668779714739,0.020368132112149596,0.24564183835182263,-0.020368132112149596
600900.SH,2025-10-30 15:00:00,0.0010537407797681642,0.009932600212841258,0.012806830309498363,0.0432392817882008,0.022629310344827624,-0.009932600212841258,-0.0432392817882008,1.5,0.84375,0.005263461981557247,0.0056036909072062985,0.0074371796539987,0.002037916612387779,0.005655016936899957,-0.7426310713879726,3.752420709235675,871875.4,892705.95,1020351.75,5.4625024152782195e-09,4.9061296843456675e-09,0.021490450394044736,-0.10925409183362467,-0.11725633083066621,-0.4220728504974473,0.009395497252260077,0.019261062580552712,0.02163849714716326,0.002481173881749164,75.43529144441635,70.9148313204719,57.2095925734447,0.02706634917616801,0.023469453915937997,0.01179186110692958,0.010825932058808756,-1.2539352e+19,1.0,1.0,28.47,-0.029982964224872344,0.007867737486765143,-0.7468300593495435,2.371282634588513,-0.017324247906737367,-0.02217029714493027,0.00140696447414701,-0.04150545198733735,0.00851096797078211,0.00140696447414701,-0.00851096797078211
000975.SZ,2025-11-06 15:00:00,0.017518939393939226,-0.026279391424619658,-0.030303030303030276,-0.1020408163265305,0.12042440318302394,0.026279391424619658,0.1020408163265305,0.5384615384615384,0.875,0.024237657796430754,0.026394242120488857,0.02628786331890419,0.013851705050928163,0.012766198880317855,0.6241958058342739,0.21836957928998801,294114.6,373416.65,382539.73333333334,5.8905266735283774e-08,4.871992482595227e-08,-0.16003687543516842,-0.08371623608689183,-1.5629734309698646,-1.3743257310052428,-0.014557670772676223,-0.058172980445494904,0.010357117229172097,-0.013620556338053208,28.5211414383933,28.89052918593589,53.83083555284228,0.1097575191312816,0.17234999123209657,0.041396103896103875,0.04753449675324673,-0.7170196317146331,0.0,0.0,21.12,0.07865168539325862,0.022589257608156766,0.7208155423120673,0.7270742929327763,0.04774464531545197,0.0310030607366217,0.15032679738562105,0.3333333333333335,0.02217055048256997,0.15032679738562105,-0.02217055048256997
600276.SH,2025-11-06 15:00:00,0.018263377122717195,-0.02696804364770078,-0.0470229007633588,-0.08475073313782988,0.026475908567669793,0.02696804364770078,0.08475073313782988,1.0,1.2222222222222223,0.016851737885766126,0.02252243818174322,0.023230849676689484,0.015523145822482216,0.013965203655135284,0.04401644819123357,-0.06041218491953648,479976.0,511705.85,658182.65,3.240607418823896e-08,2.6529844853426795e-08,-0.23440989191879236,-0.2995629676043021,-1.2930596801384926,-1.4660951063606262,-0.019909559100615537,-0.03687702515043978,-0.06012377094845878,-0.005276160324336431,34.85084971249731,39.78237223017667,40.11077396762756,0.055179061067390976,0.10540655314760292,0.0291001052776125,0.03638371401107703,-0.039042891371602884,0.0,0.0,62.42,0.17996219281663528,0.022194044249700288,0.8365226171046295,3.1844438840836755,0.023726219112180313,0.08510471446244022,0.3004166666666668,0.4822916666666668,0.020257689447615735,0.3004166666666668,-0.020257689447615735
600900.SH,2025-11-06 15:00:00,-0.002105263157894721,0.014234875444839812,0.010996807378502949,0.027767760548142784,0.015680684248039922,-0.014234875444839812,-0.027767760548142784,1.5,0.9032258064516129,0.009707083232669918,0.00603177638842979,0.006708800705433934,0.0038825190367616385,0.00373779377391541,0.2687413003403008,0.19835222159450527,841526.4,897750.75,985204.4,6.06609606039414e-09,5.186118770343831e-09,-0.03480887291922674,0.013169957016349931,-0.9913538063736234,-1.012166129911336,0.004794810322944709,0.01139146172681782,0.021560298940803246,0.0012032245611944066,58.233057502065925,58.61713797080088,65.77801309427537,0.017225728125273822,0.02571039142244569,0.011127819548872165,0.011478696741854632,-1.2072706e+19,0.0,0.0,28.5,-0.05252659574468077,0.007984119886442542,-0.6891641140405977,2.081747595855825,-0.014713042375982144,-0.04046881254456443,0.034858387799564294,0.005083514887436413,0.0085243836654507,0.034858387799564294,-0.0085243836654507
000975.SZ,2025-11-13 15:00:00,-0.02978129362494175,0.02187351402757942,-0.009220839096357847,-0.1030884808013357,0.1801208127402525,-0.02187351402757942,0.1030884808013357,0.5384615384615384,0.8181818181818182,0.020743327925676056,0.0226842235409535,0.02658458615249714,0.013257387073473046,0.012438489266097632,0.5672313818287859,0.022138816141057394,248786.2,321822.35,378685.7833333333,5.78714803336702e-08,5.212178481444233e-08,-0.1541181566641029,-0.22040235878525904,0.33289428400479615,-0.2459486208594419,0.017567119655286678,-0.010817031070195715,0.017559089294874264,-0.004230467442868419,69.08417639779043,48.25006226403402,52.36474780601341,0.07773212649448324,0.1573843947949539,0.033869573888187156,0.04643355713620952,-0.7983260835805931,0.0,0.0,21.49,0.04320388349514559,0.022814387664535928,0.6815417021437867,0.5623120459905793,0.06262516379459515,0.044832622317580215,0.19388888888888878,0.32166666666666655,0.02213873678179018,0.19388888888888878,-0.02213873678179018
600276.SH,2025-11-13 15:00:00,-0.04609817495280055,0.03215329652484589,-0.00919719407638353,-0.023655913978494536,0.011779687997452992,-0.03215329652484589,0.023655913978494536,1.2222222222222223,1.2222222222222223,0.01677525160150978,0.018770212462792445,0.02329551567195812,0.013915176058099884,0.013659157427429082,0.027815759305265808,-0.11142286656676514,392929.2,464291.1,649249.8333333334,3.018072575300563e-08,2.826183229126266e-08,-0.18135656782839138,-0.312188387256768,0.21893013685965101,-0.5014369793428732,0.01862239174332503,-0.0019157689771048814,-0.043870249562501074,0.0001490995111888086,66.75449120357648,44.14139458904427,40.54328459496444,0.053161452134866186,0.10270685550920088,0.027431897869279867,0.03225860828913064,0.09290042874413906,0.0,0.0,63.56,0.1362173757597427,0.02212637667972545,0.8715774711880574,3.294771662231435,0.03650291699904473,0.06913205792408876,0.336417157275021,0.4053826745164004,0.02026226638835904,0.336417157275021,-0.02026226638835904
600900.SH,2025-11-13 15:00:00,-0.010548523206751037,-0.0028050490883589907,0.012099644128113818,0.011739594450373536,0.02819956616052055,0.0028050490883589907,-0.011739594450373536,1.2222222222222223,0.9666666666666667,0.003358830344818199,0.005820043392897626,0.006595205885922663,0.0038638458989800916,0.0038540015686310647,0.23733194242212766,0.366528410803451,662393.6,807332.0,960438.5833333334,5.70281830267106e-09,4.9933550894506616e-09,-0.2128665244489062,-0.09049928235881322,0.9345790076844164,0.1617469733928264,-0.0008782715615669456,0.0037056643726840477,0.017149192611004782,0.00023995764467580062,52.74348363355427,56.30288712386321,62.646903314870826,0.015097839979739867,0.02840018661666468,0.011352220212979696,0.011452682338758275,-1.2044802e+19,0.0,0.0,28.44,-0.0766233766233766,0.007736814842798093,-0.7295724658671241,2.515203664205086,-0.014242759473269029,-0.07778071232286378,0.01644031451036465,0.006433166547533897,0.008456953083319058,0.01644031451036465,-0.008456953083319058
000975.SZ,2025-11-20 15:00:00,0.004316546762589857,0.001922152811148603,-0.008559201141226769,-0.04269972451790627,0.1418400876232202,-0.001922152811148603,0.04269972451790627,0.5384615384615384,0.8181818181818182,0.03240428409762273,0.02496536032102324,0.027830391539047476,0.010058885277804984,0.011922549524271277,0.5786866018584487,-0.2568072311489562,295554.6,297151.8,375072.2,6.893742602971013e-08,5.701773163560411e-08,0.18798631113783637,-0.2866809753699382,-1.0929120496053844,-1.3780276261631457,-0.004202884707230736,-0.015813075289119682,-0.022373654884614846,-0.002666209974424526,50.20220874511399,44.23034728969357,36.1234630359476,0.05217946866733135,0.13298395389008608,0.036005481329222315,0.04248030147310721,-0.9850251898916116,0.0,0.0,20.85,0.043021510755377745,0.02290383113908288,0.7126087246482363,0.5610616094732328,0.03035893719011007,0.027658886655940858,0.24255065554231225,0.3224076281287247,0.022335693883489615,0.24255065554231225,-0.022335693883489615
600276.SH,2025-11-20 15:00:00,0.024080488207158135,-0.0360890302066772,-0.01542708671646631,-0.07435114503816787,-0.0525082044069386,0.0360890302066772,0.07435114503816787,0.8181818181818182,1.0,0.006189491748114935,0.018030633967972807,0.023164652803479603,0.012898277010813652,0.013492604834054536,0.1365470413086943,-0.04487115863011448,263726.0,440891.8,611840.6833333333,3.1490828111832574e-08,2.98112690757095e-08,-0.3288205610578191,-0.18961735129711887,-0.856835181912648,-1.2076436455313428,-0.01948734535457264,-0.03396190339619032,-0.08665916805591811,-8.46852154430871e-05,33.39285596041189,32.81509183157972,38.677106153391264,0.05017220764284039,0.10643456852544902,0.022384015456751727,0.02941730873447846,-0.05409922886535523,0.0,0.0,60.63,0.11760368663594467,0.02194516432809568,0.9209717432838906,3.5204813838256444,-0.016012983500135247,0.058839161664743934,0.22484848484848485,0.315959595959596,0.020213447872206435,0.22484848484848485,-0.020213447872206435
600900.SH,2025-11-20 15:00:00,-0.0017768301350391535,-0.007057163020465773,-0.0133239831697054,-0.0017736786094360024,0.01041292639138236,0.007057163020465773,0.0017736786094360024,1.0,0.84375,0.0034903631942582057,0.005708866798003493,0.006689429225258821,0.0037931256406870954,0.003702261185273932,0.30108830294622346,0.23130132403356596,624213.2,750002.15,922364.1166666667,5.664638621247852e-09,5.337676051461223e-09,-0.05764004966231562,-0.17225432026823295,-0.7977867541220366,-1.0423304991956994,-0.008246986677944657,-0.008072191476611756,0.004760771244941564,-0.0021040803342159396,12.804473871748499,51.47910549647549,55.06207435328551,0.01199015031721775,0.027911016064730666,0.010432531221443808,0.011232104782211386,-1.4202674e+19,0.0,0.0,28.14,-0.07828365542089755,0.007555226330166123,-0.7138751253418981,2.8562195905378136,-0.021276965749910892,-0.07632888845387158,0.018826937002172306,0.02208544532947143,0.008348902589095014,0.018826937002172306,-0.008348902589095014
000975.SZ,2025-11-27 15:00:00,0.04536771728748801,0.028992628992629,0.006246996636232627,-0.03457814661134162,0.1021052631578947,-0.028992628992629,0.03457814661134162,0.6666666666666666,0.875,0.0198513322294341,0.02317000559943352,0.02779112254989083,0.010335221243317,0.011567324367324985,0.5852758251726433,-0.2323446849972397,222390.0,265211.35,363524.7,7.012128169816753e-08,5.997967783277133e-08,-0.24755019884650753,-0.3497571868737973,0.04098721737847012,-0.789831505893714,0.0161102484472051,0.0036666906319651194,-0.025245550607475797,0.0006351382791273505,45.942123947455386,49.917569544771034,42.45939853718041,0.04246607571157294,0.11173974160431714,0.031893846363760386,0.035287897393914566,-0.6519722252439231,0.0,0.0,20.94,0.05067737079779233,0.022941175931364535,0.6955535163719407,0.5314612741790752,0.033716739892382996,0.02343137174779575,0.2721749696233293,0.32442284325637916,0.022381974857390585,0.2721749696233293,-0.022381974857390585
600276.SH,2025-11-27 15:00:00,-0.013528748590755368,0.04352941176470604,-0.012877583465818687,-0.03211223694466103,-0.014913533238140486,-0.04352941176470604,0.03211223694466103,0.8181818181818182,1.0,0.01754008717477895,0.01500610595896636,0.02279719601063267,0.006491967028368507,0.013378823380173195,0.15817312309417078,0.07305488130815219,350704.2,371833.85,578451.4,3.333122083646609e-08,3.063028276714576e-08,0.3298051765847887,-0.3295793736951833,-0.7663234510120929,-1.0681487856750749,0.01171563116129759,0.00332070227601422,-0.06039794495153694,0.0033624608142354215,60.613203378581076,52.787271191992645,44.258172662810736,0.03558695432705429,0.11527491537090732,0.021915192232473586,0.025188091019947997,-0.042173919774056046,0.0,0.0,62.09,0.15237564959168526,0.022121438039470972,0.9154846261169381,3.345335159853202,0.003308542827248795,0.05454096558902953,0.30167714884696006,0.31823899371069175,0.020290776687741426,0.30167714884696006,-0.020290776687741426
600900.SH,2025-11-27 15:00:00,0.005339978640085397,-0.002485795454545414,-0.008821453775582189,-0.000355871886121073,0.007893792608539618,0.002485795454545414,0.000355871886121073,1.0,0.84375,0.00425380810633275,0.005422280729004291,0.006151059754255083,0.0036548455559809855,0.003392865306226372,0.25108091754179995,0.21251511855987104,850602.8,744684.0,879863.4666666667,5.250494401836956e-09,5.260751135328557e-09,0.36267993051092184,-0.16581266205294132,0.12023642301428887,-0.39583349206982943,-0.0018832391713747842,-0.0075607687959299286,0.002933703071164695,-0.002128044880052679,37.17445439614524,32.06184978054786,50.742984569755784,0.014999008634882514,0.02761987128921005,0.010527386461882716,0.010667243045313525,-1.3134832e+19,0.0,0.0,28.09,-0.05738255033557049,0.0074751530004052704,-0.7699108269813937,3.1134328013075914,-0.01999092907232325,-0.06550014719100201,0.036531365313652975,0.05055350553505522,0.008204385897497656,0.036531365313652975,-0.008204385897497656
000975.SZ,2025-12-04 15:00:00,0.07994518044769294,0.031088082901554515,0.07567567567567557,0.040893961008083624,0.07567567567567557,-0.031088082901554515,-0.040893961008083624,0.6666666666666666,0.7647058823529411,0.02881000452980372,0.024481896585055136,0.027366569321499935,0.008856153007043616,0.011801008270526388,0.6252029566830143,-0.16470498122194988,326037.2,273192.0,351380.8333333333,6.546562186122849e-08,6.003169831545615e-08,0.46606052430415046,-0.26839898542285145,-0.5341964064065285,-1.1391372190860045,0.031185227058601717,0.03827728501636396,0.012152924947789634,0.008991464681307158,77.52577464116305,60.18679605499178,50.373569029448866,0.061174138726720624,0.1036983469703367,0.03073810611499053,0.032288063695098845,0.04703114704590372,0.0,0.0,21.89,0.08152173913043481,0.02342709895079881,0.6997408671923321,0.4574247992554872,0.07629712487554241,0.04594138609756658,0.28387096774193554,0.2387096774193549,0.022535982930038584,0.28387096774193554,-0.022535982930038584
600276.SH,2025-12-04 15:00:00,0.03510204081632651,-0.01336984536082475,0.02941176470588225,-0.005358882754140981,-0.10779315367807729,0.01336984536082475,0.005358882754140981,0.5384615384615384,0.8181818181818182,0.006537323329067025,0.013241709913671688,0.0205030949215669,0.006351722893603042,0.013287334205608882,0.06878429193732448,0.46358629549072816,203769.6,302782.25,515013.45,3.302848733709817e-08,3.040222327207782e-08,-0.41897017486531385,-0.40828847276223246,-1.1549746299535422,-1.1569807440807205,-0.0005711022272987254,-0.005035737491877912,-0.06578168016940489,0.00291099577998814,16.98937863624569,40.13887202329194,37.64241589853528,0.028937445876426406,0.11847569898497728,0.019055393586005817,0.023055393586005828,-0.04456174533267021,0.0,0.0,61.25,0.09727696166248645,0.02196823925218284,0.9498762823282458,3.5123404709670316,-0.014971099118030629,0.05359921422271649,0.2689040812098611,0.29314273876113517,0.019877700131940606,0.2689040812098611,-0.019877700131940606
600900.SH,2025-12-04 15:00:00,-0.013456090651558061,0.00929235167977116,0.0028409090909089496,-0.009817671809256745,0.00035423308537008147,-0.00929235167977116,0.009817671809256745,1.0,0.9032258064516129,0.004092643391284162,0.003690118790450223,0.005538682975046751,0.002229620651064398,0.0031788185057251093,0.13174302247789946,0.5183822715050161,549409.6,671654.8,818495.55,4.1766240171000625e-09,5.0986185362954344e-09,-0.3540938261665728,-0.25184713017505134,-1.6260258921307487,-1.6994949380879378,0.004160295843259831,-0.0003009009327928913,0.007749632739967982,-0.00021184194895053322,75.93828575356149,46.10679750820142,49.24597730419913,0.014347495054372408,0.02770031093870009,0.008700930797248064,0.009851780655605009,-1.2328078e+19,0.0,0.0,28.24,-0.06459092414706868,0.007469974525005424,-0.7585956109350828,3.1150599624506796,-0.012126865671641673,-0.07037832950576674,0.03595011005135729,0.04548789435069689,0.008133187672401855,0.03595011005135729,-0.008133187672401855
000975.SZ,2025-12-11 15:00:00,0.05203045685279184,0.063906390639064,0.11351860574658512,0.13599231138875556,0.1114245416078985,-0.063906390639064,-0.13599231138875556,0.8181818181818182,0.8181818181818182,0.0328464450279969,0.027853792816465196,0.027545163454378956,0.008445131824811549,0.011583740027480617,0.62440963565481,-0.15457665141950327,435477.0,319864.7,351497.5833333333,6.506539008297976e-08,6.005099156189343e-08,0.33566660491502187,-0.006083014433273415,3.1118052899257926,3.6035071036482966,0.06900605950981276,0.10668976171527578,0.08747987426205617,0.00940003555879781,75.50189325111373,76.84022127259524,59.62076482483018,0.08620783999980235,0.1038189049495966,0.033659656756103454,0.03196760937877688,3.38572537699356,0.0,0.0,23.64,0.18496240601503766,0.024048652047809146,0.7175917594642908,0.3778043927618695,0.1579862599346058,0.06442477802455969,0.45208845208845205,0.32002457002456985,0.02277743899957433,0.45208845208845205,-0.02277743899957433
600276.SH,2025-12-11 15:00:00,-0.05362776025236593,0.028886725089256826,0.02126288659793807,0.007949125596184325,-0.07160638453653545,-0.028886725089256826,-0.007949125596184325,0.8181818181818182,1.0689655172413792,0.005078444146523883,0.01145787914275258,0.01828464132220392,0.006648532422791349,0.012715025827668877,-0.35118157451403514,0.10267981058437536,353881.2,293020.25,477445.9666666667,2.8337577377455854e-08,2.9424735618808647e-08,0.7366731838311504,-0.3688867824517851,-0.44673435334119155,-0.8426355829868105,0.02044101078384042,0.026712334313082398,-0.022828915427435148,0.00642576200842407,99.99999998471841,79.4393655302397,50.38726213797046,0.03285778170394414,0.10967778411653065,0.018814781433077958,0.019896349707075257,0.03871070325084491,1.0,0.0,63.4,0.22915858860023275,0.021422942232802857,0.999941713665336,3.9103072546882833,0.013247599729907078,0.08906343904107741,0.25073979088577625,0.25389623199842193,0.019630362242191002,0.25073979088577625,-0.019630362242191002
600900.SH,2025-12-11 15:00:00,0.007896625987078298,-0.007481296758104716,-0.0042887776983560055,-0.016937191249117856,-0.0050000000000000044,0.007481296758104716,0.016937191249117856,0.6666666666666666,0.8181818181818182,0.004266335954674125,0.004007432528289429,0.005465706308783446,0.002223264808335758,0.003177583872541946,0.15886274274765577,0.6216886456683608,618513.4,660684.75,785227.2666666667,5.200363256483185e-09,5.3226360404242434e-09,0.12577829000439755,-0.18164429255869952,0.2156570016403814,-0.3909082542592782,-0.006702795208214596,-0.008382125251374717,-0.005331556147950778,-0.0012994818031464882,16.512123049520625,39.68614019570639,41.96856642552306,0.010144975569775984,0.027713591835083214,0.00802481796738795,0.009217003384268278,-1.4396041e+19,0.0,0.0,27.86,-0.09309895833333337,0.007350355500080094,-0.7733863934425387,3.262408699194503,-0.0217152756034541,-0.10671500970266615,0.019765739385065872,0.0409956076134701,0.008043100575312148,0.019765739385065872,-0.008043100575312148
000975.SZ,2025-12-18 15:00:00,-0.0317651789304384,0.024299835255354285,0.11926192619261933,0.22211302211302208,0.22151277013752457,-0.024299835255354285,-0.22211302211302208,1.5,0.875,0.029500033031676937,0.026420297850538732,0.02845251325133618,0.010180258221051472,0.012016398957523242,0.5136082168989583,-0.44284340049594473,421155.4,351264.9,354997.6666666667,5.755305560880135e-08,6.187685079122927e-08,-0.03288715592327485,0.18210591354317907,-0.25992432978763674,-0.3575148053774978,0.0643670290165197,0.11539669013768661,0.13007785283693307,0.013297526043628513,81.5667195567747,74.15394626680025,62.591394484165946,0.1353186758282388,0.12179906755882154,0.03842839910391175,0.03261244184042735,2.617881e+18,1.0,1.0,24.87,0.3055118110236221,0.02421169293069751,0.6687801657079795,0.21518934637282827,0.205545411947196,0.10626124788899796,0.47771836007130153,0.23885918003565076,0.023037270040283327,0.47771836007130153,-0.023037270040283327
600276.SH,2025-12-18 15:00:00,0.023333333333333206,-0.05183312262958284,-0.026290165530671872,0.008403361344537785,-0.1559994373329583,0.05183312262958284,-0.008403361344537785,1.0,0.875,0.02263453929353016,0.015433810849320596,0.018866140596423716,0.012892026708490763,0.013067669852552411,-0.28560031819812826,-0.1028860930379909,327842.2,309049.3,431331.65,3.3021746545450765e-08,3.2923574217491976e-08,-0.0735811905238255,-0.2990359539460702,-1.133030295948101,-1.3190072234579078,-0.02920475689669111,-0.02510358274433344,-0.06525069457066446,-0.0020854787128186964,21.24893341170653,39.168761042271285,45.79048940824938,0.04092032587896538,0.10872147710092173,0.022130952380952376,0.02227380952380952,0.08936723880752817,0.0,0.0,60.0,0.15207373271889413,0.021921849629247016,0.9515417154433952,3.5276563380789874,-0.04664046693431356,0.05826248094232201,0.21138703815869175,0.22410660205935806,0.019824649864966157,0.21138703815869175,-0.019824649864966157
600900.SH,2025-12-18 15:00:00,-0.015669515669515577,0.0014265335235377208,0.0003562522265763146,-0.0028409090909091717,0.02819480043939948,-0.0014265335235377208,0.0028409090909091717,0.9,0.9666666666666667,0.004228047670368951,0.004222561733416432,0.005535461088654551,0.002125240162074356,0.003232434370878502,0.0351376802588168,0.4541057000008153,634776.8,663325.65,773135.2666666667,5.237107534694246e-09,5.500114035240687e-09,0.02629433735792963,-0.11556833537077194,-1.1620722935671968,-1.3380340800113912,0.003896893210825647,0.0011765964274255136,0.0019923280501947804,-7.976723501186924e-05,69.46247774501133,53.803554677898745,41.681389011345004,0.009032095274318927,0.0273528215115531,0.0071479446479446275,0.0087632275132275,-1.4304649e+19,0.0,0.0,28.08,-0.09739633558341376,0.0072408128011804615,-0.8253156938609616,3.588932225047685,-0.010172638158996383,-0.10574186672623954,-0.0035486160397445454,-0.0014194464158977516,0.007907728181217795,-0.0035486160397445454,-0.007907728181217795
000975.SZ,2025-12-25 15:00:00,0.024916943521594792,-0.028640580879386923,-0.008237232289950658,0.13424399434762124,0.1379962192816635,0.028640580879386923,-0.13424399434762124,1.2222222222222223,0.8181818181818182,0.020443655768412776,0.027291623270025555,0.02822664456592756,0.011552421541067425,0.011862857946881576,0.6080615294407019,-0.28820648459070464,481879.6,416137.3,363071.25,4.962424286814458e-08,6.056688611615185e-08,0.14418478309906502,0.5690780202280183,-0.4635568182696484,-0.16834650228024067,-0.02213197969543157,0.030402875542908436,0.07835380872057418,0.004067311765167027,34.54008566391339,63.04499801887051,64.20755534848004,0.12032491198235731,0.1346545134781675,0.04022306597057426,0.03420147128618889,3.0673330714318787,0.0,0.0,24.08,0.24766839378238337,0.024350576064165262,0.6703115514335752,0.21000098191445726,0.1539843930959015,0.08772436753414753,0.4231678486997634,0.23758865248226946,0.023181981876103534,0.4231678486997634,-0.023181981876103534
600276.SH,2025-12-25 15:00:00,0.02736156351791541,0.009038619556285932,-0.02970922882427307,-0.010953608247422641,-0.1504081915040819,-0.009038619556285932,0.010953608247422641,1.2222222222222223,0.9354838709677419,0.009879025738850808,0.01390492721111341,0.01850505764397256,0.013218120519448552,0.01330509018945855,-0.3579332494548529,0.11553805852264487,251988.0,284370.25,403610.6,3.145417092529675e-08,3.3169132814248365e-08,-0.23137411840208488,-0.23522226392244816,-1.179207436791415,-1.3330886616479907,0.006029623803906148,-0.0029392182653741328,-0.032031761129401426,0.0010131974435437366,69.61922227024796,49.43601355407367,49.31141451623777,0.037089260196012726,0.09521226757769506,0.02334806886924152,0.020858538855281522,0.10011495724541586,0.0,0.0,61.4,0.1701924909472079,0.02191905874747283,0.9162284541828597,3.4758369379413683,-0.03024687377020474,0.0721145703779903,0.3178793732560634,0.3326894183301137,0.019785716774096018,0.3178793732560634,-0.019785716774096018
600900.SH,2025-12-25 15:00:00,-0.013024602026049159,-0.007540394973070019,-0.014265335235377985,-0.012151536812008534,0.012825210699890066,0.007540394973070019,0.012151536812008534,0.6363636363636364,1.0,0.0069447168898560015,0.005106152853352787,0.005470327328743707,0.003275209610125407,0.003087193981919359,0.12261363170467651,0.17363809228888627,774844.8,644386.15,760592.0333333333,5.864065974949177e-09,5.5256875973547854e-09,0.22065708765663783,-0.13468511476008616,-1.3146392353204572,-1.8664459168207301,-0.007326533544031011,-0.010949688685321646,-0.014991328312465857,-0.0013086301396021522,35.58162762051997,37.274319063536,41.15127347409593,0.014575339970904752,0.02298779290931027,0.007830266694231936,0.008127455034112033,-1.6459166e+19,0.0,0.0,27.64,-0.08142239946826191,0.006818804286799918,-0.48371744522472687,2.984698852564893,-0.021745862741223365,-0.1068410692615974,-0.03760445682451252,-0.021935933147632314,0.00787546661081174,-0.03760445682451252,-0.00787546661081174
000975.SZ,2026-01-05 15:00:00,0.04213938411669371,-0.014376996805111841,-0.004437273093989447,0.11071107110711065,0.04931972789115657,0.014376996805111841,-0.11071107110711065,1.5,0.8181818181818182,0.025212980692999976,0.02651710890607338,0.02598881541377134,0.012193761377771136,0.012067644906584348,0.4752940031005469,-0.4306412341162109,345831.2,421085.8,355898.15,5.054472624476212e-08,5.830520494709146e-08,-0.282328614865622,0.5413547980907201,-0.415728076080244,0.04494967775676318,8.104384472007453e-05,0.02739155773873958,0.09640971723469005,-0.0033015364842764326,48.836430498588435,53.840847053404254,68.85885230836067,0.09512823658414589,0.14075826286430093,0.03594582079184997,0.03471579069228988,2.544959970583811,0.0,0.0,24.68,0.32902530963920307,0.024639490388748207,0.6031967852193625,0.06508041694812983,0.16962205284151488,0.10875693351414299,0.582051282051282,0.4032051282051283,0.023219566723082667,0.582051282051282,-0.023219566723082667
600276.SH,2026-01-05 15:00:00,0.01220672162333547,0.033082214215525596,0.0366474938373047,0.023693605972086917,-0.07507331378299131,-0.033082214215525596,-0.023693605972086917,1.2222222222222223,0.875,0.029792520254415127,0.019374632802293387,0.018757387729692026,0.01209773215074557,0.012993977664305587,0.06638836549271983,1.5037332277546178,374562.0,327068.35,380518.81666666665,3.4745157656221946e-08,3.3393239727186355e-08,0.48642792513929245,0.0802097877269885,3.287628819433834,2.5680540631859117,0.03306529536037739,0.026809695115003418,0.0076516349579081044,0.0018027795839609556,67.18532350539948,50.04765273105085,56.87904336921546,0.04286604350657897,0.06645973757850306,0.023133888939215516,0.020761617900172117,0.1072151432371733,0.0,0.0,63.08,0.09513888888888888,0.021584698145970607,0.9064986546132663,3.4745182803196846,-0.008337219843736032,0.048428252092383446,0.36389189189189186,0.32432432432432434,0.02002930509849797,0.36389189189189186,-0.02002930509849797
600900.SH,2026-01-05 15:00:00,0.004398826979472137,-0.013024602026049159,-0.02046678635547572,-0.028143925899536848,-0.01622791200865481,0.013024602026049159,0.028143925899536848,0.4166666666666667,0.9,0.004217957028509873,0.005034908909535709,0.005100884791126959,0.003015049773699556,0.0030295483244712255,-0.128966868473164,-0.446080442000897,680898.8,677258.45,748888.0,5.978039357801322e-09,5.4069198117651744e-09,-0.12124492543539045,0.008343050626601567,0.3507102446343652,0.06945594155087974,-0.009224958233456704,-0.01702549319881075,-0.027797576621525266,-0.0021130206311219908,16.821503640793793,26.65588637250832,35.89926527717678,0.019665037201818496,0.023103838871839286,0.007514662756598205,0.0078026811897779465,-1.7849685e+19,0.0,0.0,27.28,-0.08762541806020063,0.006772046696510978,-0.4557191781101338,3.099854715216095,-0.03063898586644631,-0.11272182505840028,-0.0657534246575342,-0.0328767123287671,0.007755193484893223,-0.0657534246575342,-0.007755193484893223
000975.SZ,2026-01-12 15:00:00,0.17729393468118215,0.027977617905675434,0.02715654952076685,0.059308072487644026,0.07345575959933215,-0.027977617905675434,-0.059308072487644026,1.5,0.875,0.01563469392638953,0.022376433742532148,0.024450449927504322,0.0137987184148261,0.011647168294355203,0.45206918248713485,-0.25983722858612124,364260.8,403281.75,348322.93333333335,4.4019787819916585e-08,5.565221941218885e-08,0.05329073837178355,0.26078854590706624,-0.2679322865858404,0.20715723211647646,0.035135026361331256,0.03978007761966351,0.1376839373654568,-0.0004168301082303685,84.36474807143583,58.418347136447956,63.81419979168425,0.04027974166639472,0.1508871417209231,0.03435347700510999,0.03442290602088425,1.056580325342782,1.0,1.0,25.72,0.3702717101758124,0.02475617705386631,0.5791290801451475,-0.0017793180429253042,0.2038615309605072,0.11669580123399051,0.6679636835278857,0.5330739299610896,0.023224817573642517,0.6679636835278857,-0.023224817573642517
600276.SH,2026-01-12 15:00:00,-0.04275646045418957,0.0125277513479225,0.045692761218473654,0.009007585335018886,-0.01920122887864817,-0.0125277513479225,-0.009007585335018886,0.8181818181818182,0.9354838709677419,0.006158529265022517,0.019220367123390904,0.016621105943909455,0.0116364216547768,0.011471685199025333,0.18983823908048927,2.781320991479429,458210.0,353150.55,370153.9666666667,3.233144338419541e-08,3.028324883821897e-08,0.22332217363213558,0.20520868438273454,0.47382279968006347,0.33982166085635396,0.025636906865422304,0.035802929773048,0.02391815069316916,0.0063274936680747535,94.68349126947325,68.26034392062087,55.701854483229255,0.0500042598337672,0.05472789476837719,0.02151247343103255,0.021400604094417717,0.033036400930896104,1.0,0.0,63.85,0.10601073965009533,0.0215705721176484,0.8975063489832182,3.474379219779081,-0.00042138331139440766,0.05293509173286561,0.3850325379609545,0.3752711496746204,0.020003211445714403,0.3850325379609545,-0.020003211445714403
600900.SH,2026-01-12 15:00:00,-0.021897810218978075,-0.001457725947521915,-0.00868306801736618,-0.022824536376604865,-0.025257915332621894,0.001457725947521915,0.022824536376604865,0.8888888888888888,0.9,0.005188669929361251,0.005279275644081609,0.005052255124349587,0.0031249675500886025,0.0030565281202129036,-0.1553564160828236,-0.48052161778317304,668819.6,689835.0,719283.9166666666,5.670439855841077e-09,5.524540471665108e-09,-0.01774008119855708,0.04412126963729679,0.3749062067200999,0.29544880426066067,0.001571809774463473,-0.007264361152877763,-0.02178957765586509,-0.0003870728495484566,66.81415921458509,36.58471990485129,39.511960233514976,0.021749507971516813,0.027227890931798896,0.006986444212721575,0.007273201251303425,-1.5948989e+19,0.0,0.0,27.4,-0.09151193633952259,0.006599739294934301,-0.6294091658728846,3.313495730180489,-0.021999071969922346,-0.12535790274203232,-0.07463694697737255,-0.05910165484633567,0.007660262348837657,-0.07463694697737255,-0.007660262348837657
000975.SZ,2026-01-19 15:00:00,0.2542932628797885,0.12272895810159445,0.21023181454836148,0.22146026623638582,0.39026629935720836,-0.12272895810159445,-0.22146026623638582,1.5,1.0689655172413792,0.036165901596437476,0.027797406386522373,0.02664614343275696,0.012204186486060286,0.010461901300436158,0.5818667056472766,-0.1488015754846952,424819.2,404197.7,350871.4666666667,5.502602262762549e-08,6.050550142204566e-08,0.1662501153020035,0.1506919706466543,-0.044115417782794805,0.38782406675356745,0.1314550482026755,0.17729393468118215,0.312678824311436,0.013482794826217918,91.56344509122223,80.68859935306452,75.04139584070032,0.13270584032556235,0.20438197198932795,0.03929986789960372,0.03604453670503869,1.1799299431068282,1.0,1.0,30.28,0.5853403141361255,0.026182154382432835,0.6333741860805076,0.03209001341430673,0.3926267740315885,0.1536171838592786,0.8553921568627452,0.5238970588235294,0.02391276618330751,0.8553921568627452,-0.02391276618330751
600276.SH,2026-01-19 15:00:00,-0.048429319371727786,-0.052696838189708606,-0.030764351411354363,0.004437140509449433,-0.06687022900763362,0.052696838189708606,-0.004437140509449433,0.8181818181818182,0.875,0.011590657825989953,0.016679386365159428,0.016568988348170582,0.00533761344056863,0.010975645761750434,0.2663658173904046,2.808594377760605,566976.6,412934.15,387625.0833333333,2.4883145069384345e-08,2.9798573242222558e-08,0.23737282032255957,0.33614329493708617,0.3347084486738156,0.47074373954614385,-0.03367588932806331,-0.016659828977322988,-0.016636097435402508,-0.0007831293054717402,17.744184615982988,50.98258285020546,47.26360453520997,0.04741199314796963,0.04836252768030523,0.02666884816753927,0.02455357142857143,-0.05066249639122422,0.0,0.0,61.12,0.06295652173913036,0.021628965470258353,0.926419946770771,3.4703808665236346,-0.04631132193234322,0.03660674220275213,0.3579204621195291,0.3330371028660297,0.020032782699072296,0.3579204621195291,-0.020032782699072296
600900.SH,2026-01-19 15:00:00,-0.030597014925373145,-0.020467836257309857,-0.023323615160349864,-0.037701974865350096,-0.04930826534232002,0.020467836257309857,0.037701974865350096,0.8,0.9,0.01170226483967501,0.007238945096636296,0.005847290365072227,0.0053730403083780305,0.004288398566183111,-0.5785519303157705,0.9148671687087604,1681584.4,951536.9,788288.2333333333,5.54837699885601e-09,5.483374384932701e-09,1.5142570582560677,0.4344943543190287,0.14685855785880156,0.6167170089096627,-0.010814601557597836,-0.01880022699397721,-0.03976495739255581,-0.0021067485713340763,31.36016070196706,31.692938679732336,35.81482507660836,0.02552991663481192,0.03597426954134725,0.010261194029850748,0.009048507462686557,-1.9743927e+19,0.0,0.0,26.8,-0.07394609536973051,0.006657358707468018,-0.5937300665913731,3.0001334703871034,-0.03958716582650457,-0.1031508525761309,-0.07234337140879199,-0.028037383177570208,0.007733735659348667,-0.07234337140879199,-0.007733735659348667
000975.SZ,2026-01-26 15:00:00,-0.17430226434965768,0.15969465648854952,0.40823136818687433,0.5167731629392971,0.75103734439834,-0.15969465648854952,-0.5167731629392971,2.3333333333333335,1.2222222222222223,0.049566156278267236,0.0360928152474304,0.030732782691131763,0.011146781506038338,0.010601848331783058,0.8286748625498555,0.4084693211478543,510381.0,411323.05,364223.9,7.149076825820245e-08,6.374543094150485e-08,0.2014075634999548,-0.011568898053599175,2.6094713932589757,2.124914655993886,0.20224114462979959,0.34590169743789634,0.5726273946888973,0.026377017075638543,94.222234297406,90.36111829674846,78.46993694207579,0.30643345772124087,0.3333190575622883,0.05042127435492364,0.03705897840968932,1.208813730346801,0.0,1.0,37.98,1.1206030150753765,0.028771243359057366,0.7784497388787673,0.4146821584608351,0.694193217428154,0.22310245185535957,1.2341176470588233,0.4164705882352939,0.02543644714802075,1.2341176470588233,-0.02543644714802075
600276.SH,2026-01-26 15:00:00,-0.028713892709766098,-0.03867768595041332,-0.09857408555486669,-0.04749426793318057,-0.0933749025720968,0.03867768595041332,0.04749426793318057,0.3333333333333333,0.7142857142857143,0.002951975282021464,0.016540738450025422,0.014962316340220338,0.004806160922485289,0.008034214196240105,0.9835146660141496,3.4726067207852496,609245.6,502248.55,386150.88333333336,2.1493930239593236e-08,2.875977400045203e-08,0.07455157761360875,0.7661782482520587,1.2535918178491137,1.983400540276422,-0.048973918731093136,-0.05744313623803776,-0.057730733920181465,-0.008998357834828002,0.0,20.115025848537584,42.30388316460371,0.06342244658659742,0.046497977069367015,0.026220770288858327,0.025152289251326395,-0.3290834454798601,0.0,0.0,58.16,-0.07535771065182828,0.019447549399573067,0.32812229399195325,0.9788970560309513,-0.09177270373040525,-0.02861948100605673,0.3585610838589113,0.4342443354356458,0.019987438188278205,0.3585610838589113,-0.019987438188278205
600900.SH,2026-01-26 15:00:00,0.00615858352578913,-0.033482142857142794,-0.05043859649122806,-0.06005788712011573,-0.07544483985765127,0.033482142857142794,0.06005788712011573,0.7272727272727273,0.78125,0.006806175871495867,0.007426750593007657,0.006071811281698178,0.005518550773342961,0.00450389899620051,-0.4754174917208964,0.4282810148624918,1631355.0,1165664.45,851578.2,5.132697864856338e-09,5.415752747214157e-09,-0.02987028186036922,0.8089532960942749,1.230466834351721,2.3775383271606314,-0.023528527399834687,-0.037118025313640834,-0.06357568949255998,-0.0036363143795356168,28.56378114373969,21.339781033351414,26.203652651610525,0.03656778044048782,0.04691072494892619,0.013086989992301776,0.010502584405586705,-2.5800636e+19,0.0,0.0,25.98,-0.06681034482758619,0.0067967309258780235,-0.5772514776497103,2.60034481018838,-0.06564967856982284,-0.1186484161125494,-0.09822978132592841,-0.040610898993404976,0.007767459710758291,-0.09822978132592841,-0.007767459710758291
000975.SZ,2026-02-02 15:00:00,-0.0401785714285714,-0.12230618527847736,-0.04244274809160309,0.2533972821742605,0.49120304327151687,0.12230618527847736,-0.2533972821742605,1.8571428571428572,1.2222222222222223,0.07773003775018848,0.05615831000345261,0.03818273553930645,0.04195429476562258,0.025340574582988135,-0.1378134259124425,1.2242063009386395,659285.6,489686.65,394654.81666666665,1.4799193882844275e-07,8.800076231147779e-08,0.2917518481291428,0.16291418518506218,-1.9344099615346193,-1.7680801232218213,-0.11279599400231977,0.00983754367321965,0.23530222756189323,0.0016593215430519208,41.345075411765066,61.62961062797818,62.29973324534995,0.3153330253561452,0.4022819178636592,0.09297558309037901,0.06298970481049564,1.0964204993059985,0.0,0.0,31.36,0.6636604774535808,0.03273929816180769,0.1342426234246938,1.3565100894085944,0.3549362713329014,0.14679587416079093,0.9310344827586208,0.5197044334975371,0.027744499749374204,0.9310344827586208,-0.027744499749374204
600276.SH,2026-02-02 15:00:00,0.0169941582580988,-0.01241258741258744,-0.06628099173553714,-0.10418648905803995,-0.08265670672296199,0.01241258741258744,0.10418648905803995,0.42857142857142855,0.6666666666666666,0.02138617739669315,0.01259539710303282,0.015400101108230901,0.00704801671656238,0.008268048173258213,0.9735176552599493,3.129017877605181,823090.6,614380.7,414743.76666666666,1.7758609523212432e-08,2.851075150551085e-08,0.3509996625334677,0.87844742543875,-0.02518058557044338,0.9302236340459182,-0.032208326194963166,-0.07104094721262955,-0.07798022883195588,-0.008169925529027523,28.704831245190732,15.11996290900565,39.25602025026149,0.09106559041164945,0.060120222588254675,0.028133930151986453,0.026736716991629363,-0.3162835130857141,0.0,0.0,56.49,-0.07104094721262955,0.019651982958972976,0.32519956034747627,0.8649437677624072,-0.11513619916353812,-0.026856303452310392,0.2688679245283019,0.41689128481581306,0.020015848796951688,0.2688679245283019,-0.020015848796951688
600900.SH,2026-02-02 15:00:00,0.01224177505738333,0.008098727342846113,-0.027529761904761862,-0.047376093294460686,-0.08345021037868161,-0.008098727342846113,0.047376093294460686,0.8181818181818182,0.7272727272727273,0.01185234429985117,0.0092148300158373,0.006355636698982173,0.005663137056198666,0.0044129212718635345,-0.09621278785522747,0.7214008971214936,1947457.8,1482304.2,943739.15,4.987077367118608e-09,5.047246914006662e-09,0.19376702189284378,1.1886832124427538,-0.3192090173938029,0.49722171523030073,-0.0017566638661880019,-0.01875035192101948,-0.05107060097651872,-0.0005399384578990941,55.7311572264713,32.4427426028405,35.602136387699346,0.04286007679756315,0.056353665323331435,0.017105694611432957,0.012064160017488253,-2.5828481e+19,0.0,0.0,26.14,-0.06842480399144679,0.006566462962688473,0.11879222897145815,0.4613373138987993,-0.05708926510196222,-0.0825925878920738,-0.09768726268553674,-0.05833620987228161,0.007901550297083657,-0.09768726268553674,-0.007901550297083657
000975.SZ,2026-02-09 15:00:00,0.02026578073089702,-0.05524168236032634,-0.1575706689056814,0.11605487578791251,0.4464199903892361,0.05524168236032634,-0.11605487578791251,1.2222222222222223,1.1428571428571428,0.016040995776335013,0.057049685998084576,0.03826427266793685,0.037742374561811474,0.024931623390816348,-0.07288329736467541,1.1833918540476076,734408.2,582223.5,435123.31666666665,1.4421993422054753e-07,8.443503737448129e-08,0.1139454585387576,0.44371397912253663,-0.3615955668085253,0.2123544922465001,-0.0969367855749903,-0.07273343396691401,0.14946918200565218,-0.029568785612883126,9.264497194288538,44.999813750775914,62.53540872955331,0.2211268369705585,0.39282531945818,0.09822021831988609,0.07243711438063598,0.5144825642329549,0.0,0.0,30.1,0.6529379461834157,0.03285340266184874,0.14627260500714287,1.3019990956284637,0.2725882655523886,0.14060266535264018,0.8034751348112641,0.5410425404433792,0.02769063209045342,0.8034751348112641,-0.02769063209045342
600276.SH,2026-02-09 15:00:00,0.00974760661444729,-0.0003480076561683809,0.004370629370629375,-0.10957842529448225,-0.08664546899841008,0.0003480076561683809,0.10957842529448225,0.5384615384615384,0.7142857142857143,0.011845503321309805,0.013582446591354495,0.015077480039525727,0.005959292271602152,0.008397156305599915,0.9747247522683786,3.555454721148497,446568.0,611470.2,419213.6666666667,2.090070659900221e-08,2.7189909120217826e-08,-0.4574497631244968,0.731471747672487,-1.2549148309192621,-0.25508829892756474,0.0,-0.031238143417225084,-0.056629592328239164,-0.0013931953494242108,42.30839475866234,35.28879612862278,42.94034488047943,0.08191283465677027,0.06805013138854633,0.024294417505905764,0.026575904513241325,-0.2881522925854001,0.0,0.0,57.45,-0.0854823304680038,0.01956710119810387,0.3067644030402236,0.8963439653951082,-0.09793915603532866,-0.026942293123194037,0.28667413213885795,0.4300111982082868,0.019852504538929075,0.28667413213885795,-0.019852504538929075
600900.SH,2026-02-09 15:00:00,-0.015495086923658308,0.017692307692307674,0.020439645198611744,-0.0328947368421052,-0.06633733239237827,-0.017692307692307674,0.0328947368421052,0.5384615384615384,0.6764705882352942,0.008596585075102787,0.009887764320356528,0.00676572596588034,0.005685050321447188,0.004312304149478602,0.09122957422883023,0.5080702771856482,855770.6,1529041.95,959853.9,5.442139156895459e-09,5.437647423073241e-09,-0.5605704010633761,1.2165328665550459,-1.2105565859909275,-0.4739981741721814,0.009653909260884497,0.0020260163217389326,-0.03315976979994517,0.0033470593632344637,54.750329991928105,43.484504769142895,40.336931865872764,0.03134788002231397,0.05669358968317311,0.01581902602310766,0.013200518302559125,-2.6128338e+19,0.0,0.0,26.46,-0.04338394793926248,0.006706299668818535,0.14606580533125008,0.39652200578077057,-0.04352226720647767,-0.050431246100497484,-0.0844290657439446,-0.05190311418685123,0.007874036207627187,-0.0844290657439446,-0.007874036207627187
000975.SZ,2026-02-24 15:00:00,0.0325626831650927,0.020604852110335692,-0.03609541745134959,-0.0622900763358778,0.509090909090909,-0.020604852110335692,0.0622900763358778,0.8181818181818182,1.2222222222222223,0.030246625194727553,0.054474331924379456,0.03797994203965304,0.03593253607017466,0.025720941878892102,-0.14800534960867087,1.3011951268154136,381789.6,571466.1,442309.56666666665,1.3496652763119386e-07,8.251520195587358e-08,-0.48013979146747,0.4138281835844191,-0.6951762035155516,-0.3133033697568538,0.004185468576286544,-0.06839175476649118,0.13766724498805272,-0.022297262471581376,56.79425633090583,35.72756896844908,61.29967902015203,0.18285860031888018,0.3682892639038943,0.07380099548774248,0.07284737405219333,0.04932631570206736,0.0,0.0,30.71,0.6818181818181817,0.03323768161044636,0.1225261482726474,1.1276566578246952,0.27108296599822035,0.14550272840423886,0.690148596587782,0.6664832140891579,0.02780420791965878,0.690148596587782,-0.02780420791965878
600276.SH,2026-02-24 15:00:00,-0.07584899155318048,-0.0066780821917807875,0.009396206716547839,-0.04115702479338845,-0.02504201680672269,0.0066780821917807875,0.04115702479338845,0.6666666666666666,0.8181818181818182,0.01029680248559668,0.013469403527060239,0.015063732163393562,0.006898268932194417,0.00857099483958939,0.8454781376013178,3.3413436043739932,450755.6,582414.95,434799.4666666667,1.9306990662291024e-08,2.5737294092375377e-08,0.009377295283137022,0.4104305734945872,-1.1421773670612332,-0.4651131937990432,-0.00029296706705506104,-0.0032389150923134435,-0.043260270809625245,0.0031568232193372216,64.47145526695726,54.977939398071214,34.02485313627466,0.03597969032069513,0.07104943386378176,0.024318467259339515,0.025026473268155738,-0.09974646491332717,0.0,0.0,58.01,-0.09345210189092057,0.019456918158398097,0.31274844244863903,0.9674926330368763,-0.08656937333189874,-0.02469077118765824,0.31274043901335147,0.3831183525684545,0.01981670246922059,0.31274043901335147,-0.01981670246922059
600900.SH,2026-02-24 15:00:00,0.035316698656429946,-0.019570944674444868,0.0019230769230769162,-0.030877976190476164,-0.07492897727272729,0.019570944674444868,0.030877976190476164,0.5384615384615384,0.7272727272727273,0.006898589285828308,0.008803326820713255,0.006957520317012456,0.004408871965832291,0.0044623250832557335,0.032595249008893906,0.311474373547747,655350.8,1272483.55,962448.7,6.316250313249848e-09,5.700578282266701e-09,-0.23419804326065885,0.3372929100279769,-0.8160551189813837,-0.39101674335997183,-0.010183144615852346,-0.007694651836050559,-0.042426098943176505,0.0011863086452517393,20.322274405686215,52.40148530510207,39.008142310515375,0.023274714140887214,0.05819339031832994,0.01420345489443379,0.013696188648204011,-2.6825112e+19,0.0,0.0,26.05,-0.06463195691202872,0.006840600133124203,0.14053039231389186,0.2691635069087459,-0.05634461835690441,-0.07096604144235087,-0.06630824372759847,-0.03942652329749097,0.007659549596974422,-0.06630824372759847,-0.007659549596974422
000975.SZ,2026-03-03 15:00:00,0.026490066225165476,0.02092723760463633,0.053838484546360865,-0.11251049538203184,0.4936410739519548,-0.02092723760463633,0.11251049538203184,0.6666666666666666,1.2222222222222223,0.0560490246846003,0.04978920862167449,0.04031413517966445,0.0356480731192983,0.026825706371561123,-0.08743892915183173,0.8958371577311683,613493.6,597244.25,474901.5333333333,1.219421001427677e-07,8.101903708970491e-08,0.6068892395183108,0.45200773455316945,0.839530709719954,1.7169384643037298,0.02254038889426324,-0.014329675794970798,0.13575176547137935,-0.004882079773165089,67.11819533166056,50.548585240763394,57.35642405731213,0.17046412074395317,0.3379198398393966,0.048001982249853574,0.07229580573951434,0.13558421750505034,0.0,0.0,31.71,0.6689473684210527,0.034592147419814354,0.16770990879321182,0.9889553283010706,0.283749363219562,0.14273585365982322,0.8182339449541283,1.1777522935779814,0.028554602534661955,0.8182339449541283,-0.028554602534661955
600276.SH,2026-03-03 15:00:00,0.05484051482932295,-0.07345316280677494,-0.08202054794520541,-0.06276223776223777,-0.1364368556701031,0.07345316280677494,0.06276223776223777,0.6666666666666666,0.6666666666666666,0.013749524482970366,0.015743604548837217,0.015240615058025082,0.010692483338791811,0.009434148389570891,0.8064452554716172,3.7181617699022707,527533.4,561986.9,449535.23333333334,2.1511886461704267e-08,2.481999587553142e-08,0.17033132810773743,0.11894180680063693,0.18519669626278995,0.7297508014935686,-0.062057140857637805,-0.06445505073861113,-0.10941419466301927,-0.0052988550424101204,0.0,26.852602983281812,25.199603290127925,0.04610071090414365,0.08452757857687658,0.02403602739360994,0.026041250299784168,-0.05950882886298847,0.0,0.0,53.61,-0.14945264159923843,0.01934434221048944,0.38838394488245165,1.113446176135536,-0.1509176219041397,-0.06026195319995042,0.1961178045515395,0.29763498438197233,0.019963110145253822,0.1961178045515395,-0.019963110145253822
600900.SH,2026-03-03 15:00:00,0.006674082313681939,0.038505968425105896,0.015054572826495916,0.04010798303123786,-0.03609721229449614,-0.038505968425105896,-0.04010798303123786,0.9,0.75,0.01015063351037875,0.009511359582340827,0.0077140348991108715,0.003975005971685264,0.00453601800381568,0.322331750407573,0.5070673646679342,1291658.4,1187559.4,999203.3333333334,6.403606106054273e-09,5.800123315286596e-09,0.970941974893446,0.01878323560438,1.4475121183928057,1.8461440279779706,0.02621665842243437,0.02766346593507074,-0.0032215740746445176,0.0036516650661080606,92.87423795745282,69.17497686749655,51.70253628443042,0.02419576194287697,0.05811295929351439,0.01181206631707188,0.013639493617246689,-2.3198275e+19,1.0,0.0,26.97,-0.0322927879440259,0.006957133006954287,0.2624969526906809,0.49229870694186273,-0.02043040043584865,-0.03972771134462529,-0.049012693935119866,-0.08392101551480957,0.007816998045809133,-0.049012693935119866,-0.007816998045809133
000975.SZ,2026-03-10 15:00:00,-0.06052227342549921,0.031695721077654504,0.04797166773985828,0.021657250470809686,0.4648964896489649,-0.031695721077654504,-0.021657250470809686,0.6666666666666666,1.2222222222222223,0.02585659647911312,0.03299356503919847,0.04017979383638138,0.016886536892399016,0.026468420687886633,-0.08969012563042522,0.9147533911469545,443801.6,543373.25,484715.23333333334,4.5172199364101536e-08,8.12362881457688e-08,-0.27659946248828027,0.10963460000390035,-0.4598280617864464,-0.32255834861990895,0.031891960436216005,0.04787045681357238,0.1336262690171175,-0.0024248881911743724,39.483738635230544,60.721946053536826,48.14483388589981,0.06211413956710205,0.3086123554951742,0.04895764757515909,0.06731402238314678,-0.26130967421132445,0.0,0.0,32.55,0.5995085995085994,0.034370273796877286,0.18332708251532076,1.0405238029302124,0.2931976347660259,0.12641702245433625,0.9608433734939756,0.889156626506024,0.028678168681923386,0.9608433734939756,-0.028678168681923386
600276.SH,2026-03-10 15:00:00,-0.004420866489831976,0.06738391845979619,-0.022640857241617685,-0.016008352183748076,-0.08227848101265822,-0.06738391845979619,0.016008352183748076,0.8181818181818182,0.7647058823529411,0.02175509831366858,0.017047893577962,0.016584002154785938,0.009961505808853051,0.009232032946506786,0.7374557972879983,2.20863691903708,497066.6,480480.9,473976.65,2.5763798049732818e-08,2.6089188409722403e-08,-0.05775331002738415,-0.21794271857823644,-0.06013011810559969,-0.0019087896643888052,0.02253001591204984,-0.002038277258649357,-0.05174991685694086,0.00047029936858459647,65.98551001862832,42.606385091851266,42.55929515198607,0.06432642149575603,0.09863368840516981,0.02561576354679805,0.025761020588606808,-0.08978774124603484,0.0,0.0,56.55,-0.17625637290604523,0.018579476843085592,0.2786549803450755,1.0955326934772334,-0.09663815206191761,-0.09890010018867974,0.19379354021532613,0.19252691576947445,0.01989498079249031,0.19379354021532613,-0.01989498079249031
600900.SH,2026-03-10 15:00:00,0.012523020257826811,0.00221483942414169,0.045437042741624856,0.044230769230769074,-0.03277520484503038,-0.00221483942414169,-0.044230769230769074,1.1111111111111112,0.75,0.0024604588749448037,0.007883550972126141,0.007672203745499148,0.00382612233903359,0.004608906951476295,0.3089567549474948,0.5700371585313624,1446551.2,1062332.75,1073965.1333333333,5.592988612506091e-09,5.519368445808674e-09,0.11991777392536607,-0.2833233893555722,0.260373964786191,0.18954681804519768,0.015902712815715425,0.02369775465188595,0.006630537549358273,0.0053236096445462705,91.55483933822465,64.55119680480246,56.020438763265076,0.033750579257587114,0.05275908842518347,0.013312286240463024,0.014206787687450673,-2.1009529e+19,0.0,0.0,27.15,-0.03825717321997879,0.0066751972470695566,0.2074040700450433,0.7837312242967176,-0.012619558497290684,-0.033388130697862915,-0.00658616904500553,-0.04354189535309172,0.007748577199370946,-0.00658616904500553,-0.007748577199370946
000975.SZ,2026-03-17 15:00:00,-0.1298234139960759,-0.07752639517345405,-0.030744849445324962,0.016284479893652337,0.25947281713344306,0.07752639517345405,-0.016284479893652337,0.7272727272727273,1.1071428571428572,0.032364362151108765,0.035768935533549005,0.04040502637925749,0.023077705258522666,0.027574824000041413,-0.059571931778547124,0.941916086944262,384431.2,455879.0,480461.4166666667,4.997113067441724e-08,7.940361757162711e-08,-0.13377689490078437,-0.21700343596574168,-0.4070603981858622,-0.5016810786411174,-0.036030640229486655,-0.025090062804858593,0.03586107221896029,-0.005210986048336188,38.403843308557654,49.28598854190265,36.4349620299208,0.07257328455509475,0.2751240297448531,0.0565028496683173,0.06279781369709428,-0.06490557551279674,0.0,0.0,30.58,0.4377056887635167,0.03446187491810194,0.15428715596988848,1.1265066097051157,0.19314080596180228,0.10698513048071571,0.8377403846153844,0.8088942307692308,0.02897243267254843,0.8377403846153844,-0.02897243267254843
600276.SH,2026-03-17 15:00:00,-0.04724689165186491,0.00841841303958435,0.06266515666289174,-0.03595890410958902,-0.11030341340075855,-0.00841841303958435,0.03595890410958902,0.5384615384615384,0.6216216216216216,0.011175024718956972,0.016843273735924324,0.016605150811989735,0.00935383396589744,0.008958813400026853,0.8417411374483833,2.3123703508844593,328795.2,451037.7,471886.15,2.764331054304461e-08,2.6958486842080744e-08,-0.33852888124046143,-0.26237173945680414,0.38594652872028673,0.16502113828508008,0.020149307820540585,0.0022697939383149457,-0.04639844623358458,0.004029229502248635,66.43322663227092,44.423715455197616,49.915091410128746,0.06313295896532745,0.10040398719713496,0.027175843694493784,0.025558233950773914,-0.2437592886496005,0.0,0.0,56.3,-0.17557475472250705,0.01739213946676994,0.1605455264500796,0.9224049371071783,-0.09135292385037175,-0.09781779835709174,0.22764936764064547,0.25272568687309205,0.01974162823944551,0.22764936764064547,-0.01974162823944551
600900.SH,2026-03-17 15:00:00,-0.014186977082575325,0.006959706959706935,0.014765596160944972,0.034625517500940894,-0.01961483594864477,-0.006959706959706935,-0.034625517500940894,1.375,0.8666666666666667,0.004710269205171126,0.007160537876649341,0.007707619552968607,0.004070583465035449,0.004724151928061059,0.17767389815743662,0.4559342355092082,928301.6,1080465.5,1099780.8166666667,4.95555334204039e-09,5.3560441182589765e-09,-0.3582656459031661,-0.293370924192106,-0.46846953370570327,-0.40643438207024973,0.007956587100795831,0.026627329424506074,0.02087046939988113,0.0037170558263021737,71.73545156986435,89.83857510638546,70.39874207987842,0.042701661090469745,0.04941546267921946,0.013823208439432504,0.013537390219820188,-1.9997647e+19,0.0,0.0,27.49,-0.01821428571428574,0.006653502750976106,0.16853532683884453,0.7969266239951027,0.000776642477489542,-0.020171342940280824,0.012523020257826811,-0.02541436464088387,0.007691839524171053,0.012523020257826811,-0.007691839524171053
000975.SZ,2026-03-24 15:00:00,0.11537016159338598,-0.15523809523809529,-0.19728506787330313,-0.14327108821635537,0.07341670028237202,0.15523809523809529,0.14327108821635537,0.7272727272727273,0.9666666666666667,0.05686427181473809,0.043621851031346096,0.04316517654777968,0.03398098109610611,0.03092488921086271,-0.17116904643311423,0.682927305712937,554881.4,499151.95,491605.25,5.430333441726194e-08,8.143196155869378e-08,0.4433828471778565,-0.1265414518901471,-0.1166963764628266,-0.0820799593657184,-0.11977771162052187,-0.13848644273573452,-0.10876166659223863,-0.02550868549751676,21.987922862702263,31.656156337520315,40.94133915910348,0.12900796005621754,0.2557441312684073,0.06297310355934933,0.06112095345466259,-0.28795118336764436,0.0,0.0,26.61,0.30697445972495085,0.03640725933372844,-0.03844170258790274,0.9938702066457505,0.026132113063485507,0.07198164705155993,0.5708382526564344,0.8128689492325856,0.030024744042626915,0.5708382526564344,-0.030024744042626915
600276.SH,2026-03-24 15:00:00,0.029455630126770993,-0.05696202531645578,-0.03922622246104246,-0.0729346698928448,-0.1184880854560395,0.05696202531645578,0.0729346698928448,0.5384615384615384,0.6666666666666666,0.02364547181506151,0.019686109329088455,0.016643469116565272,0.011985196339851721,0.008938642140783819,0.7687116586303689,2.4257242731704696,384178.0,434393.3,476580.8,3.590800896914215e-08,2.6699381566939175e-08,0.1684416317513151,-0.25415152890563675,-0.6819470112076154,-0.6738602587667131,-0.02929839483161112,-0.029693477926612144,-0.08378431467442515,-0.0007343485791870512,34.84010663860052,53.20977382027009,41.46969231660653,0.05032953043430737,0.10664399449161965,0.028044103547459263,0.02587354852455524,-0.21859957591900747,0.0,0.0,53.64,-0.24546349697566472,0.017718038281027512,0.13508930704186134,0.8620709088420142,-0.12591101858905673,-0.11713991407731832,0.18306131451257168,0.2794441993824437,0.019968287509298542,0.18306131451257168,-0.019968287509298542
600900.SH,2026-03-24 15:00:00,-0.0022140221402214832,-0.006962257237083103,-0.0073260073260073,0.04351174432036986,-0.026929982046678624,0.006962257237083103,-0.04351174432036986,1.1111111111111112,0.78125,0.010801298543017805,0.008065867511003506,0.00814130672381503,0.00489432827320054,0.004923808746605638,0.21202891288002365,0.19777694891018172,1065827.8,1183084.75,1135701.7333333334,4.774038830652169e-09,5.546222047586009e-09,0.14814818804578178,-0.07025536793776233,-0.5892891794747341,-0.3718247942461697,-0.006015258215962382,0.003908203522939857,0.009185700099304972,-0.000912972854156361,39.84590973083452,50.49031203028627,58.825414870287325,0.03538401242925041,0.04366814512748644,0.013758566157090129,0.013060094886663147,-2.3505252e+19,0.0,0.0,27.1,-0.00768949102892702,0.00694376062775626,0.11071069537713137,0.5809639654037735,-0.012345679012345734,-0.022836606677454047,-0.0033100404560499896,-0.041927179109966906,0.007750920896578119,-0.0033100404560499896,-0.007750920896578119
000975.SZ,2026-03-31 15:00:00,0.07412398921832875,0.08202697776157497,-0.05777777777777782,-0.059270998415213993,0.18530351437699677,-0.08202697776157497,0.059270998415213993,0.7272727272727273,1.0344827586206897,0.034999096754284996,0.04064530780033203,0.04406660948732607,0.03310360810108897,0.03141574143786439,-0.25786052171219137,0.49356433378230546,358958.8,435518.25,481361.85,6.352111911540264e-08,8.565132917212427e-08,-0.3530891466176376,-0.2707870356223605,-1.0433943129520276,-0.8306289944977042,0.043857489536805794,-0.013232262783429594,-0.01578458681522743,-0.003415802223288526,85.44004816839207,39.98378473404881,48.92021052710798,0.14515691305203043,0.2356634312730504,0.05809587986137852,0.05561705814401232,-0.1565513340701018,0.0,0.0,29.68,0.4026465028355388,0.03686746404821783,-0.04070893611613162,0.8590605903155404,0.13096107558158,0.08863539029169488,0.607800650054171,0.7177681473456121,0.03039734358968378,0.607800650054171,-0.03039734358968378
600276.SH,2026-03-31 15:00:00,0.04038391886997461,0.020702402957486044,-0.029184247538677988,0.04228010570026419,-0.09564362921716352,-0.020702402957486044,-0.04228010570026419,1.0,0.6216216216216216,0.04146901417182603,0.025850869792077853,0.019728945328717922,0.014376212034361752,0.0103993686653204,1.0312700121026668,3.141907205510233,688466.0,474626.45,512953.9666666667,3.893199572680102e-08,2.731260414269951e-08,0.7920495187126801,-0.15544926403088755,1.1992870525784836,0.9357719982541015,0.010707421982245613,0.005618130992597115,-0.04749036192031364,0.002987167150343825,65.2993383091935,48.92472562264792,44.09699640121231,0.049651282979156136,0.11148202816377055,0.03166554560976872,0.028528742174160505,0.22902547928134354,0.0,0.0,55.22,-0.23592085235920845,0.019047670445311145,0.40091945467428336,1.7492497691908975,-0.09031753222684402,-0.09492371421562666,0.18752688172043008,0.15290322580645155,0.020546331510826434,0.18752688172043008,-0.020546331510826434
600900.SH,2026-03-31 15:00:00,-0.017011834319526686,-0.006247703050349163,-0.009160864785635714,-0.0018456995201181492,-0.02170767004341534,0.006247703050349163,0.0018456995201181492,0.8181818181818182,0.8125,0.003991435005830921,0.00617056624972225,0.007967379663694131,0.004409841004599277,0.00488217705502478,0.18642869429985437,0.39168174220731267,777288.6,1054492.3,1135905.3833333333,4.619744523888773e-09,5.385349498266461e-09,-0.2707184031041413,-0.11205090035917353,-0.6550107147787781,-0.5629637233642456,-0.004124926340601021,-0.0063389986219567485,0.008478579775727857,-0.0012268206845130834,68.12419724757751,43.904890093396766,57.066697119353094,0.012675824703935395,0.040437396286726816,0.012389053254437855,0.013115490278951803,-2.3980579e+19,0.0,0.0,27.04,-0.009160864785635714,0.0068114576311479325,0.12930979920027785,0.6976103463743297,-0.014457538573684925,-0.006088690610709923,-0.00588235294117645,-0.008455882352941146,0.0077411037397235255,-0.00588235294117645,-0.0077411037397235255
000975.SZ,2026-04-08 15:00:00,-0.06367628607277287,0.04114957544088815,0.16223113379511478,-0.03831070889894417,0.27418065547561943,-0.04114957544088815,0.03831070889894417,0.9,1.0344827586206897,0.046233651761830766,0.04495488704514645,0.04530759620232523,0.03322853027067479,0.03099562048363239,-0.19836587334404787,0.31796284435572675,361279.8,414887.8,482649.23333333334,7.320546111563238e-08,8.87898664360589e-08,0.006465923108724514,-0.2364589165918639,1.8254948223962406,1.0014313950555032,0.08542439821592729,0.0697627596389383,0.04048695311607564,0.009016367477073534,69.3113540481292,52.6098193751335,53.4677363095831,0.1390907505563633,0.20393353513706797,0.05177899265101274,0.05390751030650655,-0.10793941077009905,0.0,0.0,31.88,0.3554421768707483,0.03685782783735002,0.001963316851248329,0.9359108782195458,0.19963875370026596,0.078045815637375,0.7316675719717545,0.768060836501901,0.030724107427811263,0.7316675719717545,-0.030724107427811263
600276.SH,2026-04-08 15:00:00,0.004873803307223534,-0.004850164559154546,0.061922365988909434,0.02901665771090811,-0.08896289248334921,0.004850164559154546,-0.02901665771090811,0.8181818181818182,0.6666666666666666,0.025732698499794794,0.026390420457196067,0.019428445554532093,0.01439393174729292,0.010540338796247148,0.7983694631156385,2.4448339363517992,672305.8,518436.25,537765.95,3.587257463532599e-08,2.6464994069423754e-08,-0.023472764087115294,0.07899450321542423,0.9396114430927959,1.0342632028731895,0.031529428663769954,0.0355736212630573,-0.0034807345390628353,0.0071541990396476315,64.66472399245438,52.45488601819485,51.96471359805212,0.05530695738330603,0.10755200674488583,0.033681462140992185,0.029883128186000255,0.10249966225269702,0.0,0.0,57.45,-0.15762463343108502,0.019016853232764752,0.4472804900274139,1.8969352160826984,-0.04450388768000446,-0.08423969605010556,0.2803655003342993,0.2603075551593492,0.02061752778849709,0.2803655003342993,-0.02061752778849709
600900.SH,2026-04-08 15:00:00,-0.0011286681715574343,-0.011160714285714302,-0.023153252480705766,-0.026373626373626502,-0.031341107871720175,0.011160714285714302,0.026373626373626502,0.6666666666666666,0.84375,0.007320149784120035,0.0070395705462158,0.008140061332213322,0.004476106725854303,0.00496932262960495,0.15423037130850703,0.1824122466640965,766935.0,884588.25,1143075.0666666667,6.552082821894106e-09,5.710716267172934e-09,-0.013320149041166962,-0.1673152785697325,-0.33821383157455415,-0.5741938459390301,-0.01409495548961437,-0.019622307465329114,-0.006639841540742375,-0.0036324685630335194,22.706087589310172,34.83087552331057,56.58470102170914,0.021883932174240353,0.03840473230181704,0.01220036547350316,0.013584327636246358,-2.472316e+19,0.0,0.0,26.58,-0.041471330688784835,0.006764572265616414,0.08723699899839109,0.6284497360595807,-0.030239642937495925,-0.04659268120438667,-0.04833512352309355,-0.027926960257787403,0.007685297775368578,-0.04833512352309355,-0.007685297775368578
000975.SZ,2026-04-15 15:00:00,-0.0016750418760469454,-0.04541093700031973,-0.025146962769431735,-0.052380952380952306,0.10678531701890992,0.04541093700031973,0.052380952380952306,0.8181818181818182,0.9032258064516129,0.010318595542513156,0.04277466976565062,0.045473153033030476,0.028702642450006963,0.029711737660879565,-0.08586465870778763,0.24642871635691588,281822.6,389235.65,475779.38333333336,7.552271640072738e-08,8.990459376523069e-08,-0.2199325841079408,-0.1461864880812671,-0.8312256613767781,-0.9650579013639208,-0.019511233740638456,0.013978293730998681,-0.039848176998172,0.005073189299563616,56.63944584112771,62.11811873720995,49.022383857931445,0.11194560396925081,0.17053840018327876,0.04883943527159608,0.053086862885857865,-0.14932254965338776,0.0,0.0,29.85,0.2458263772954925,0.03636669562895449,0.02931699967264868,1.1108613614723595,0.1118112093662802,0.0700625190959146,0.5903036760788494,0.6291955247735748,0.030707413426451554,0.5903036760788494,-0.030707413426451554
600276.SH,2026-04-15 15:00:00,-0.03966741728737222,0.01351825842696619,0.0,0.014943741209563877,-0.1052386856788593,-0.01351825842696619,-0.014943741209563877,1.0,0.6666666666666666,0.02349291883795526,0.028019337643897278,0.020288515139498947,0.015094007545764074,0.010680245813540162,0.7122968260542069,1.7629890620943356,693705.4,609663.8,557390.5666666667,3.4694829003236734e-08,2.7746282048427848e-08,0.03183015824049118,0.35169144397463903,1.864380170745796,2.346397524704177,0.016051251364004315,0.03595237454352951,0.011614968326796093,0.003916312514581292,63.25529876947525,61.08294843472735,57.32753582370409,0.05985303929326316,0.08853858786818412,0.03437182945237686,0.029818613743782647,0.12130401599366403,0.0,0.0,57.73,-0.11321044546851,0.01847253296632241,0.5135451312435091,2.095856018956103,-0.03320615054831888,-0.05694129844152838,0.11447876447876437,0.08687258687258681,0.0205220856791001,0.11447876447876437,-0.0205220856791001
600900.SH,2026-04-15 15:00:00,0.011676082862523529,0.0060629026146268306,-0.012276785714285698,-0.027116159765481762,-0.02960526315789469,-0.0060629026146268306,0.027116159765481762,0.7272727272727273,0.8125,0.004352816472871244,0.006728278208603319,0.008097723340244346,0.004441397287514764,0.0049656238358875325,0.1883026203526974,0.2531896450484439,730973.4,835256.2,1148254.55,6.2050911654569534e-09,5.534261221464268e-09,-0.04689002327446257,-0.22694782943092584,0.556704507464511,-0.3048524991091784,-0.0012413948764247174,-0.01181725132595135,-0.005009306567063665,-0.0026697748670867463,57.90623732180441,30.051167533123333,42.87628858947899,0.02586095370802194,0.0366992159742502,0.009846650524616616,0.011877858488027969,-2.3152027e+19,0.0,0.0,26.55,-0.05549626467449298,0.006720643914581979,0.12343299539599567,0.7100979106080763,-0.029143964603064232,-0.06964972549677115,-0.048387096774193505,-0.014695340501792109,0.00767953590730615,-0.048387096774193505,-0.00767953590730615
000975.SZ,2026-04-22 15:00:00,-0.0869127516778524,-0.011280690112806857,-0.04700991365526064,0.08640174990885896,-0.09007633587786257,0.011280690112806857,-0.08640174990885896,0.8181818181818182,0.7878787878787878,0.016281425753088545,0.031403739969864446,0.043737047344016455,0.007760680608672615,0.02932385417401414,-0.017802484185841103,0.5827937602378341,263930.8,316498.0,462372.01666666666,6.839765863678356e-08,8.588917356174645e-08,-0.06348603696083988,-0.36592855141605674,0.6425220210373501,-0.2777581045516295,-0.017117978825159086,-0.0015077902496229978,-0.04586059318868252,0.0008509487903623678,38.229197667993425,46.08723561738231,44.85562682707415,0.07934571026713653,0.16155526284828034,0.04139501438159156,0.04984419942473634,-0.02105535179430973,0.0,0.0,29.8,0.3682277318640954,0.03614430124167445,0.004589243741138351,1.1844576959752953,0.09761263113954044,0.0859732927864382,0.5884861407249466,0.41844349680170567,0.030662491362749702,0.5884861407249466,-0.030662491362749702
600276.SH,2026-04-22 15:00:00,-0.008116883116883078,-0.035322777101096214,-0.026685393258427004,0.024768946395563596,-0.08363636363636362,0.035322777101096214,-0.024768946395563596,0.8181818181818182,0.6666666666666666,0.007603484072359809,0.02592252681734373,0.0201426055148302,0.013238509501763146,0.010852453343810525,0.7220174878096189,1.893602448772263,519720.6,643549.45,553452.5666666667,2.5919304509354713e-08,2.7044768046929295e-08,-0.2508050247266347,0.4814902762082196,-0.6069088970125589,-0.1491080443109259,-0.017822343478723135,-0.011235955056179692,-0.019050427602477216,-0.0008879147759457992,40.75038775634658,39.3046053872692,51.04636957243705,0.0514633530854051,0.06320668695357357,0.02592249020820452,0.029858534322820048,-0.04706788045343413,0.0,0.0,55.44,-0.15358778625954206,0.01836662094356637,0.5514893973780968,2.207283604761103,-0.06564947248969133,-0.0640440803421523,0.14973040232268775,0.1124014931563666,0.020066659783722345,0.14973040232268775,-0.020066659783722345
600900.SH,2026-04-22 15:00:00,-0.003350707371556183,0.011676082862523529,0.017809776430466107,-0.012862918044836524,-0.0007440476190475609,-0.011676082862523529,0.012862918044836524,1.0,0.8387096774193549,0.011538950990221222,0.007146233402968037,0.008026426400009412,0.003019963472966682,0.004226502514918039,0.435859386911288,0.0005272940901206447,830422.0,776404.75,1077324.35,6.89174073936886e-09,5.994009961090291e-09,0.13604954708338224,-0.3437454501885854,-0.33596387289397855,-0.6564774315021681,0.010002256148003319,0.003099675094297316,0.006954207201634421,0.0012772543706422504,66.97130095228081,49.821048199505356,42.90076502837757,0.024456196946425434,0.03648727417505915,0.009945750452079561,0.011129135198383143,-2.2874852e+19,0.0,0.0,26.86,-0.047179851010996865,0.007007516040582481,0.21639890154918362,0.5721819679034934,-0.015834824400163705,-0.05567418617055148,-0.0916469394656747,-0.0835306053432533,0.0075377639306803065,-0.0916469394656747,-0.0075377639306803065
000975.SZ,2026-04-29 15:00:00,0.03234105108416019,-0.035448422545196756,-0.09721300597213,-0.11136512083605488,-0.23845507976490332,0.035448422545196756,0.11136512083605488,0.5384615384615384,0.6388888888888888,0.024743256415121602,0.02880195464327465,0.04003172556688198,0.012601985284046458,0.028631022791961693,-0.11765115993388829,0.9378345205815148,313282.6,305078.95,445947.15,6.358377055548133e-08,8.301566327121721e-08,0.18698764979305182,-0.29950363733322305,-0.16139561817609394,-0.6557693896180177,-0.05419027425353673,-0.08094506273960111,-0.11132158662246672,-0.01263775994011306,10.270751226726247,20.845319498185432,46.293579242889855,0.0949636798602577,0.15806273820218736,0.04079382579933847,0.049377854780280374,-0.3262008442680946,0.0,0.0,27.21,0.2544951590594744,0.036273756944590445,0.01742246833459527,1.160996547452422,-0.006375241544056109,0.06894892953514817,0.20398230088495573,0.3132743362831858,0.030604131323688635,0.20398230088495573,-0.030604131323688635
600276.SH,2026-04-29 15:00:00,-0.0267321331151118,-0.02499999999999991,-0.043152949364886006,-0.047462324614585105,-0.03863636363636369,0.02499999999999991,0.047462324614585105,0.6666666666666666,0.7647058823529411,0.011952522943555444,0.01826507122808693,0.020206040424180914,0.008247705522123677,0.011126278851413844,0.6274698015654462,1.7418737159794309,694378.4,645027.55,560546.9666666667,1.9978761852334553e-08,2.6807548013613278e-08,0.3360609527503817,0.35902149996065336,-0.26448405513853046,0.14868649208636703,-0.01626147158267588,-0.024282051509532776,-0.021376432238756404,-0.003092279449604748,37.463641860755295,40.02655218937427,48.90832835806498,0.03250944115759363,0.05530721994052043,0.027173771854622938,0.031271919569791924,-0.2333577009364186,0.0,0.0,54.99,-0.14279033515198758,0.017705192355814563,0.7553541577418617,2.4413947574332795,-0.06729028236561241,-0.05435438381956214,0.12453987730061367,0.12924335378323115,0.02008574427690876,0.12453987730061367,-0.02008574427690876
600900.SH,2026-04-29 15:00:00,0.008965259618976651,-0.006679035250463761,0.008286252354049006,-0.0040922619047618625,0.03239490937138445,0.006679035250463761,0.0040922619047618625,1.25,0.9655172413793104,0.004371769629880888,0.007193773517084962,0.0076878665520267835,0.0022409594649359732,0.0039018050492683268,0.4590117055190865,0.21371356238273354,705907.6,758559.5,1000203.7333333333,7.18755652157005e-09,6.070302383837698e-09,-0.14994111427683754,-0.2806400767459374,0.8063182183970037,-0.30336882966255563,7.471607890008336e-05,0.003542576521527341,0.002221334797584129,0.0007428271716098894,26.48558962609647,60.61222210882889,44.585320304975575,0.017042327868204036,0.03498349992261249,0.009258765142216773,0.010672928117829121,-2.1599438e+19,0.0,0.0,26.77,-0.04733096085409261,0.006973180472106772,0.24772721704347508,0.6459914694991484,-0.016793837056625294,-0.07010395113153754,-0.08945578231292517,-0.08027210884353742,0.0074172251073624275,-0.08945578231292517,-0.0074172251073624275
000975.SZ,2026-05-11 15:00:00,-0.13136347454610187,0.0783109404990403,-0.004253810705423633,-0.10169491525423724,-0.11833019460138106,-0.0783109404990403,0.10169491525423724,0.5384615384615384,0.6857142857142857,0.04586146612392519,0.027461971202424208,0.03544922774195661,0.014930910055745369,0.0224550920266291,0.09931404088673922,0.9189093664681134,518549.8,344396.45,434219.1666666667,6.086653175005158e-08,5.974806407659517e-08,0.6552141740396691,-0.1699046103548959,0.7822242771975442,0.026712630347953813,0.016207220895738228,-0.030727558185676518,-0.06204609074567735,-8.79225799543266e-05,61.706907360960784,41.40111831031554,54.061164269928916,0.10567793320263318,0.11916728138547056,0.04218583125667497,0.046673956161318225,-0.22387289979715386,0.0,0.0,28.09,0.3357108892058962,0.03693603359322626,-0.005609189078050297,0.9374371650788014,0.015276740319510429,0.08272305033717117,0.36624513618677046,0.5505836575875487,0.030366646197347323,0.36624513618677046,-0.030366646197347323
600276.SH,2026-05-11 15:00:00,-0.02036621823617346,-0.006681514476614692,-0.051063829787234005,-0.0603932584269663,-0.068731512093266,0.006681514476614692,0.0603932584269663,0.6666666666666666,0.7647058823529411,0.013624435792432225,0.014511950009097673,0.019738820497607758,0.008383686477229074,0.010986379318173345,0.6601276052979139,2.0849812272220336,765431.8,668309.05,555742.0666666667,1.6754403422158804e-08,2.613025870240588e-08,0.10232662767159817,0.2890862666335543,1.8583311174047383,2.346678991667233,-0.018287873507346175,-0.03535412705135943,-0.04213907954433582,-0.005789957765233399,29.567815684548563,24.891675964778656,55.00355272636524,0.05090705040401423,0.05976700903518331,0.02489056160580825,0.029928731582319037,-0.16460967649437996,0.0,0.0,53.52,-0.1308866515102305,0.01763335434897367,0.7849822952539594,2.540738773541677,-0.08623851644654013,-0.06397200119025832,0.04756312389900175,0.12448620082207862,0.01994733262928581,0.04756312389900175,-0.01994733262928581
600900.SH,2026-05-11 15:00:00,-0.004442798963346983,-0.011346998535871067,0.0022263450834880683,0.023493747631678774,0.038846153846153975,0.011346998535871067,-0.023493747631678774,1.25,0.9655172413793104,0.010707355317933476,0.007870848938228188,0.0075792810238985145,0.0023142942507780734,0.003731363281580343,0.6667243953772053,0.8279176287440455,1192208.8,864877.95,937266.3166666667,5.988420451737006e-09,6.044497295379066e-09,0.6889020602696445,-0.022281892168475093,0.5545805502503317,0.254863699838385,0.0022263450834880683,0.008889884954429883,0.0077668816187947964,0.0014848388749395605,65.59466125433329,59.27992657311105,46.631684815818,0.021959473503207788,0.03167914757540296,0.010868990321045121,0.010049188131379913,-2.1669304e+19,0.0,0.0,27.01,-0.05294530154277688,0.007036386033523401,0.44536983204987957,1.0500139264472388,-0.006047373133962086,-0.06009664218660964,-0.07499999999999996,-0.08972602739726032,0.007463810988744193,-0.07499999999999996,-0.007463810988744193
000975.SZ,2026-05-18 15:00:00,-0.0024590163934425924,-0.13043478260869568,-0.06333973128598858,-0.19044459190444596,-0.18909936856098375,0.13043478260869568,0.19044459190444596,0.42857142857142855,0.6388888888888888,0.027212360022018316,0.031345580321374425,0.03662192287290265,0.020498553349159686,0.023526483326392008,0.09778147914512637,0.6766168910410602,473497.2,392315.1,412476.5833333333,6.109360130043724e-08,6.219581612519395e-08,-0.08688191568100112,0.007911531227933422,1.3396405137711107,0.9722148243595073,-0.10128913443830567,-0.1273091435826822,-0.17535064496141495,-0.01174247015459589,0.0,32.90439332912955,36.90880777193646,0.11871470989080296,0.13783108094626265,0.05029274004683841,0.051653981264636994,-0.6255575567359408,0.0,0.0,24.4,0.17251321480057658,0.0375782634065943,0.02270171546961139,0.802798286828942,-0.12504557054320087,0.046809107123994734,0.20493827160493816,0.4740740740740741,0.03045139410027627,0.20493827160493816,-0.03045139410027627
600276.SH,2026-05-18 15:00:00,-0.0572191493419798,-0.06558545713776509,-0.02691165553080921,-0.08769792935444576,-0.10222602739726028,0.06558545713776509,0.08769792935444576,0.42857142857142855,0.6216216216216216,0.03132243083361361,0.017138783058445944,0.0211086768331171,0.008571822143301808,0.011238321940415602,0.761686881215982,1.5810446730494543,1252602.2,808033.25,622911.5833333334,1.5670559356737498e-08,2.600289963433961e-08,0.636464803265294,0.3253751493856121,-0.0475673923451165,0.4948201494548425,-0.02946947539891165,-0.04604215754951291,-0.05735064530338396,-0.002560780010261963,48.07619292739769,32.55232080654035,39.13524009997739,0.04980153019648446,0.05980429647966058,0.03474019781477344,0.03187924034767446,-0.40745685827638334,0.0,0.0,52.43,-0.16645468998410173,0.01826592186589571,0.8473622924019707,2.3822732107945086,-0.1000570724820522,-0.07877033082254085,0.026027397260274032,0.12974559686888454,0.020304368457126333,0.026027397260274032,-0.020304368457126333
600900.SH,2026-05-18 15:00:00,-0.008181480104127892,-0.005547337278106412,-0.01573938506588579,0.012806026365348444,0.01204365826119691,0.005547337278106412,-0.012806026365348444,0.9,0.9655172413793104,0.0032566590531998853,0.00778789078429011,0.007276828059139575,0.0025188478334345443,0.003775377588492859,0.7287936245689591,1.3571416879148548,1123014.8,962888.3,959536.6666666666,5.760945127657036e-09,5.640529878384792e-09,-0.05803849124415117,0.15280592948606686,-0.15203948533387224,-0.11759032737057751,-0.005841467021591273,-0.000668946038352769,0.0014586760187456083,7.932632226736448e-05,35.188705850027546,48.41019165348693,48.71850196319671,0.016381505232422686,0.030055458098759306,0.010864368060351706,0.010519045848164486,-2.2885746e+19,0.0,0.0,26.89,-0.05116443189837683,0.007035384172728767,0.45557421686752714,1.056239040801417,-0.008084596231287211,-0.06288289820411129,-0.08847457627118638,-0.09999999999999998,0.007414312807389339,-0.08847457627118638,-0.007414312807389339
000975.SZ,2026-05-25 15:00:00,-0.06737880032867705,0.012900540990428588,-0.1325730577334283,-0.13718539524991136,-0.21635544108177718,-0.012900540990428588,0.13718539524991136,0.42857142857142855,0.6388888888888888,0.01916695227915673,0.03167822409327266,0.03605550416769382,0.019699254147379684,0.023270632943348968,0.11288314750471111,0.8767584570651077,385252.4,422645.5,412765.15,6.060609074634227e-08,6.110236126679594e-08,-0.1863681559257372,0.3353812662323301,-0.5373533746742949,-0.3178612132275962,-0.03286049191401441,-0.07818743017288732,-0.1620092498020359,-0.011639474792839428,36.880856247556935,42.02445075115682,32.82079951419314,0.1411230991690574,0.17661369603240396,0.048773330203075504,0.04761415659114921,-0.6636117475036601,0.0,0.0,24.34,0.1960687960687959,0.037242867381380544,-0.004869213995107149,0.9126891107068018,-0.13132701041229855,0.05312702922871033,0.2437404190086867,0.5227388860500766,0.030487770095590838,0.2437404190086867,-0.030487770095590838
600276.SH,2026-05-25 15:00:00,-0.005259963584867466,-0.04186857918201203,-0.11905186241311705,-0.12358156028368794,-0.14569650881437957,0.04186857918201203,0.12358156028368794,0.42857142857142855,0.5789473684210527,0.012402653831303782,0.017970740844826603,0.021346218127072724,0.008064127840644069,0.010813003126021783,0.8619521720476899,1.5693670607834336,807227.4,879909.95,652617.5666666667,1.6974519379305166e-08,2.626727761926734e-08,-0.35555965014271884,0.3672763608142311,-0.0986809721321306,0.5638615366388762,-0.06133687808583377,-0.07760060460733176,-0.10094579847217178,-0.009091702203889426,9.189693977690013,31.7958269141958,33.294955634148394,0.07538953049843322,0.06994895692932661,0.03791797924915464,0.033994682234617504,-0.645943320277296,0.0,0.0,49.43,-0.1692436974789916,0.018418813082001332,0.8290683353988324,2.237970586749185,-0.14490584968818387,-0.08326158875403392,-0.02485697376208318,0.09370684553166297,0.020278008927209393,-0.02485697376208318,-0.020278008927209393
600900.SH,2026-05-25 15:00:00,0.04124484439445064,-0.021284403669724727,-0.013683431952662639,-0.010389610389610282,0.02695417789757415,0.021284403669724727,0.010389610389610282,0.8181818181818182,0.9655172413793104,0.010515079567503293,0.007445365732791646,0.007518851811923445,0.003304987667494963,0.003775153325559845,0.690212296683903,0.9205637819450847,1186704.0,1051958.8,1003816.1,4.913687746623066e-09,5.526489105548031e-09,0.05671269871064921,0.35491030934573753,-0.6085042441591718,-0.4337850035845507,-0.008328995314940024,-0.009360374414976724,-0.008470322888460502,-0.001765137998290073,36.348696876753124,32.62738073158614,53.48744218164641,0.015358753782779127,0.026815205483150247,0.012078847286946278,0.011315549841984044,-2.368489e+19,0.0,0.0,26.67,-0.05291193181818177,0.007262360756720302,0.4142699107975887,0.7629947938557775,-0.014084507042253502,-0.05795543372048463,-0.09715639810426535,-0.09072444143534186,0.0074744432242501236,-0.09715639810426535,-0.0074744432242501236
000975.SZ,2026-06-01 15:00:00,-0.10572687224669597,-0.1052424122979898,-0.05534748231377451,-0.1285988483685221,-0.2805071315372425,0.1052424122979898,0.1285988483685221,0.5384615384615384,0.5945945945945946,0.04109238117042337,0.034849496190383696,0.03459433024396108,0.020944634801961744,0.022957484828557088,-0.06075073987733151,0.5360060546191336,499629.4,469232.2,403276.4666666667,5.99421676098627e-08,6.234901909358223e-08,0.29688848142153046,0.5380680967992055,-0.1567817489952487,0.3657757004373573,-0.04012854666159249,-0.10628161971692363,-0.19961449861313518,-0.0074234013964366566,37.66964794746741,24.000667076858065,32.989053607596276,0.17027891974113568,0.20162981307264005,0.05525487728130902,0.054106356198867216,-0.7200314368018731,0.0,0.0,22.7,0.06924163918982562,0.037944682620571726,0.0017763451828128607,0.7112618569925964,-0.19333584058610487,0.03655968378348885,0.15228426395939088,0.3812182741116752,0.0308789812696235,0.15228426395939088,-0.0308789812696235
600276.SH,2026-06-01 15:00:00,-0.06569046166361614,-0.0006097560975609762,-0.046908315565032055,-0.08741648106904232,-0.07191392978482436,0.0006097560975609762,0.08741648106904232,0.42857142857142855,0.6666666666666666,0.036381026929947435,0.023957028162180607,0.02273045047329566,0.011738937033671838,0.01160760336410306,0.6614124686844411,0.9405873266477012,980129.8,951347.8,690333.9333333333,2.0231463419472576e-08,2.6380740332869383e-08,0.2141929275443326,0.4748948320114388,-0.011591831468517073,0.7517174633989222,-0.018210135377980108,-0.055367709213863026,-0.09681488103256142,-0.005254647826587803,42.83247026494904,27.667882938339034,35.720052682305806,0.08882041460070011,0.08882254892528607,0.03997791917255004,0.03692001510793457,-0.5893351246425202,0.0,0.0,49.17,-0.2079574742268041,0.019278418844467068,0.7569162633118037,1.9661202497907295,-0.14216178022802406,-0.09125794044054848,-0.08007483629560341,0.028811973807296498,0.020499897976001335,-0.08007483629560341,-0.020499897976001335
600900.SH,2026-06-01 15:00:00,-0.009362621534029447,0.02321296978629328,0.019082568807339495,0.016471449487554857,0.025101513473606563,-0.02321296978629328,-0.016471449487554857,1.0,1.0,0.00964315345771591,0.009207320586067992,0.007565328193915896,0.0037477252788864074,0.0038487818434388295,0.6794711413812903,0.8722275065656357,1482593.4,1246130.25,1019727.35,4.704760936076077e-09,5.5040206605116325e-09,0.2493371556849897,0.6427587420630814,0.4069871616239147,1.0151410639395864,0.02411860156365231,0.025404327597666088,0.02889959244164486,0.00313267404291067,98.4167840788673,63.96761531266189,63.977130619902674,0.02273250600639441,0.024566845720916764,0.013786717423735788,0.012256288903750199,-1.8565069e+19,1.0,1.0,27.77,-0.007505360972122954,0.007630290834974688,0.48061397756025764,0.6485213975702329,0.02762093603426652,-0.008737561233661009,-0.08861174926156878,-0.1214309156547424,0.007578745178810875,-0.08861174926156878,-0.007578745178810875
000975.SZ,2026-06-08 15:00:00,0.09113300492610832,-0.11892361111111105,-0.19984233346472213,-0.27655024946543116,-0.38763197586726994,0.11892361111111105,0.27655024946543116,0.3333333333333333,0.5526315789473685,0.03133026364706482,0.030082826809563652,0.035031417998019794,0.022721842194204072,0.023610252812201835,-0.018728000582176087,0.5017176994600123,467288.4,456416.85,405233.7,5.489693666736279e-08,6.298964317768226e-08,-0.06472997785958956,0.3252658382512361,1.173851980237201,1.249569642006843,-0.1073784187846274,-0.15256006178379844,-0.263923805840263,-0.008013015775872883,17.210614559189636,28.774656473848196,31.152894819822947,0.1641585276992494,0.2313371908174873,0.06097818437719916,0.059693877551020416,-1.0940027997483406,0.0,0.0,20.3,-0.08640864086408628,0.03824938113524426,0.019010845694394967,0.6621495549208216,-0.2787586121136576,0.002573111207539886,-0.012645914396887115,0.36624513618677046,0.031101576870925414,-0.012645914396887115,-0.031101576870925414
600276.SH,2026-06-08 15:00:00,0.04222899434044414,-0.050826446280991755,-0.06626016260162615,-0.18125111388344328,-0.17714490417338347,0.050826446280991755,0.18125111388344328,0.3333333333333333,0.5789473684210527,0.014008344124768481,0.024273103475974344,0.02222508770393802,0.011081204874201521,0.011433468034371758,0.8277701868631643,1.4517904025079775,736105.8,944016.3,710253.8666666667,2.273742079126437e-08,2.512146628291639e-08,-0.24897110566376002,0.41254454058343204,-0.6384140495188598,-0.0772425520605964,-0.04724376788751106,-0.08919685164257818,-0.14608078217067233,-0.006842743552299489,9.043025773651522,30.67635278002264,30.83093580908229,0.11743363055217586,0.11735449805538285,0.04084520181603333,0.040363206667081285,-0.9226519875716975,0.0,0.0,45.94,-0.25446283674131775,0.019552246008659332,0.7671227481708135,1.7938690067094818,-0.19002190678669606,-0.11281472021839688,-0.13889409559512655,0.0031865042174321623,0.020505047454925644,-0.13889409559512655,-0.020505047454925644
600900.SH,2026-06-08 15:00:00,0.0021810250817884125,-0.016094420600858306,0.013633014001473986,0.017381656804733803,0.007692307692307665,0.016094420600858306,-0.017381656804733803,0.8181818181818182,0.8709677419354839,0.005040447012835153,0.008293112156112389,0.007674565645498863,0.0035493173766053426,0.003613060747770433,0.747949419308151,0.7725578393153021,1110068.0,1225595.05,991687.0833333334,4.6392235379513885e-09,5.7265756038608326e-09,-0.25126605851611095,0.4170728366933163,-0.14319123791006413,0.5809951305464094,-0.002574235887023657,0.010004589261128904,0.01736284462195603,0.0016503786763437018,31.840376880237613,55.289758885482776,58.13508275466438,0.031631920924585166,0.02914331992727394,0.014851742223606988,0.013228955704419173,-2.1600261e+19,0.0,0.0,27.51,-0.01995012468827928,0.007653704541840866,0.5192677809221758,0.6398031060783516,0.018668806122134063,-0.024726189936900983,-0.09327620303230055,-0.1097560975609756,0.007454578731153005,-0.09327620303230055,-0.007454578731153005
000975.SZ,2026-06-15 15:00:00,-0.13544018058690743,0.06798457087753129,-0.03862847222222221,-0.07823553890969637,-0.2968253968253969,-0.06798457087753129,0.07823553890969637,0.8181818181818182,0.6666666666666666,0.026744548835462643,0.03199978633645968,0.03535402741414459,0.020697703566561785,0.022748044371017715,-0.05731378081956899,0.3484421397936419,490288.0,460614.55,414055.1,5.574238943416881e-08,6.411956904511115e-08,0.04921928299525513,0.17409334996282322,2.291358402171124,1.888135913397392,0.030328402642106234,-0.018760936496334257,-0.16907898438818825,0.003317591647043264,54.55861938930969,34.27520707204809,36.68992586423936,0.12821838289395845,0.25204965222118636,0.05333763302160592,0.05391809093840697,-0.24305347428185065,0.0,0.0,22.15,-0.08772652388797375,0.0381254311033751,-0.0054341139964715285,0.6779650000974606,-0.21144209973566397,0.004719549777976265,0.08684985279685975,0.19725220804710508,0.03130682069779732,0.08684985279685975,-0.03130682069779732
600276.SH,2026-06-15 15:00:00,0.022974101921470202,0.03234152652005173,-0.01074380165289246,-0.07191316146540028,-0.15822784810126578,-0.03234152652005173,0.07191316146540028,0.5384615384615384,0.6216216216216216,0.016686445455127777,0.022212241231905794,0.022688077169384143,0.011275351543505218,0.011632602062388989,0.7410091197133633,1.0833438038239964,677726.2,800297.3,739331.45,2.2324936400023812e-08,2.423010825333268e-08,-0.07930870806886736,-0.009573801573140694,-0.6709958940613654,-0.2184335368967312,0.014428271785419389,-0.015635118882412757,-0.09846071770410003,0.0036625274230544804,59.63518248835694,46.061299567168604,39.78817741290672,0.07265477073542898,0.13450616453393302,0.03899630027449578,0.039563193698532055,-0.5789074908738026,0.0,0.0,47.88,-0.243362831858407,0.019799243516336627,0.7714278080829585,1.6254189310593627,-0.14613213730009755,-0.10828690513037106,-0.12755102040816324,-0.044642857142857206,0.020569217067810716,-0.12755102040816324,-0.020569217067810716
600900.SH,2026-06-15 15:00:00,-0.025389916575988325,-0.0021715526601520097,-0.013948497854077258,0.011743119266055091,0.010260168559912186,0.0021715526601520097,-0.011743119266055091,1.2222222222222223,0.9333333333333333,0.015003155410791735,0.010628268667286509,0.008497320683990665,0.007540193348052238,0.005068839466244629,0.21566104278792234,1.0838050250304518,1266428.4,1261448.45,1019864.3166666667,5.813446605561091e-09,5.926494299558361e-09,0.14085659617248658,0.3100672736391126,2.145907246274181,2.9457296459592994,-0.007380738073807347,0.004536262775318267,0.018332697208850002,0.0007334904860711192,49.125144788629356,58.1745311923302,54.01757315142049,0.034646416622896775,0.03286161874766378,0.016658894243225017,0.014508523757707644,-1.9421341e+19,0.0,0.0,27.57,-0.016761768901569107,0.00807913064965176,0.202579018175148,0.783685847475232,0.021079596308756,-0.006790266465363605,-0.08557213930348251,-0.10812603648424535,0.007646901577529864,-0.08557213930348251,-0.007646901577529864
000975.SZ,2026-06-23 15:00:00,-0.11227154046997379,-0.11547344110854507,-0.07666345226615234,-0.24517146235711473,-0.3018592781625957,0.11547344110854507,0.24517146235711473,0.8181818181818182,0.6666666666666666,0.04539120427977595,0.03836298966328046,0.03430559444359013,0.027856661504645504,0.02152537989362956,0.020434556244247254,0.6052747464676838,530767.6,496993.35,412045.61666666664,5.9963094517128e-08,6.298894796675128e-08,0.08256290180465364,0.1759106627185194,2.2785187899554034,2.321199295661263,-0.08722592945662544,-0.12401079548053617,-0.26450349184808697,0.0037671701918884303,30.43260722403386,30.341127361138916,28.90652508132746,0.12914032935275643,0.2778495570759499,0.058373741141365176,0.06286833271167476,-0.648209901575397,0.0,0.0,19.15,-0.227511093182735,0.038979521971450555,-0.045721501560836625,0.712993833043595,-0.3147764376127504,-0.036390820480553254,-0.02988855116514688,0.23302938196555223,0.03195515028140213,-0.02988855116514688,-0.03195515028140213
600276.SH,2026-06-23 15:00:00,0.06247447937933859,0.034424498416050664,0.056058645968089627,-0.0044715447154473065,-0.09463955637707955,-0.034424498416050664,0.0044715447154473065,0.6666666666666666,0.6216216216216216,0.01892340329093565,0.02293081830528091,0.022359117270372302,0.012366658173860567,0.010914191485830147,0.7779852651568261,1.0359417937941484,845849.6,809952.85,777804.0833333334,2.1801590981462622e-08,2.1565138290040832e-08,0.24806979573757082,-0.07950484023961768,1.1203339642778007,0.9528427434419323,0.025029298509961384,0.020395408428991013,-0.06799146261405131,0.009252821736455375,56.13467579138462,53.27786988970371,37.82040101475414,0.05263168949411042,0.14279457319798622,0.03374555212039902,0.036698652511229085,-0.1600833334877919,0.0,0.0,48.98,-0.19506984387838955,0.01962795414815773,0.7992127936232983,1.6266497646658822,-0.11825859973897013,-0.07643143017962077,-0.11155450752766194,-0.10339198258661353,0.020640289108022153,-0.11155450752766194,-0.020640289108022153
600900.SH,2026-06-23 15:00:00,-0.014886490509862349,-0.011769032732622309,-0.027506333695258678,-0.009948415622697104,-0.012495406100698214,0.011769032732622309,0.009948415622697104,1.0,0.9333333333333333,0.009808146098007403,0.010848050650324861,0.008505403549719298,0.0074461443780231935,0.004973509459133643,0.23882688180691086,0.9867354761864005,1243872.2,1275740.5,1034701.35,5.947454984747148e-09,5.917627823579691e-09,-0.01781087663542602,0.2127285783435624,-0.2570329318182284,0.4287956166631702,-0.018339909396463572,-0.022073408185176335,-0.006966387641591298,-0.004779369025466726,14.674491452663176,33.11054332976114,49.208638953216244,0.03081350454702401,0.032923339686738114,0.017092881067574013,0.015949811260566736,-2.2646046e+19,0.0,0.0,26.87,-0.03518850987432676,0.00829340832293784,0.22695788483122556,0.5588370601879662,-0.0031873027257466324,-0.04014222141921059,-0.10522810522810522,-0.11188811188811187,0.007743736421245497,-0.10522810522810522,-0.007743736421245497
000975.SZ,2026-06-30 15:00:00,0.15235294117647058,-0.11087866108786615,-0.21478060046189373,-0.2621527777777778,-0.44480731548007835,0.11087866108786615,0.2621527777777778,0.6666666666666666,0.5789473684210527,0.026737786910424197,0.036016649275448516,0.03304854241900688,0.02783512143235409,0.02169635260700269,0.06376630498715358,0.8654399524550773,606967.8,523827.95,432713.0333333333,5.313991049520223e-08,5.888861622018208e-08,0.14356603530434042,0.1163512435847327,0.3901151815717498,0.9553865982106793,-0.12348543439030679,-0.16856185655246603,-0.324078062357112,-0.014028102983971738,3.478817780363258,28.06736497679637,30.862350258981152,0.18150378565559247,0.33269391002223925,0.06294117647058822,0.06777310924369748,-1.9714189730832539,0.0,0.0,17.0,-0.3210862619808307,0.03934344833664012,-0.019378579863836502,0.6112658354210194,-0.38524775419553337,-0.05403334845067687,-0.16748285994123413,0.1116552399608226,0.03217170678971509,-0.16748285994123413,-0.03217170678971509
600276.SH,2026-06-30 15:00:00,0.06379707916986943,0.03562189054726361,0.09904963041182668,0.07520661157024788,-0.09856227264853623,-0.03562189054726361,-0.07520661157024788,0.6666666666666666,0.5789473684210527,0.046195354122648184,0.027025450365949666,0.023235776849319517,0.008418036751491366,0.009842066157781082,1.2367046946392868,2.581619533441668,1206757.4,866609.75,820995.0333333333,2.1252719886106413e-08,2.0487648385971177e-08,0.42668081890681275,-0.0890715782387893,0.8614543773936776,0.9514967145861987,0.051249419227117565,0.076296250336084,-0.004092203761765445,0.014041345655124845,66.92550232331885,70.38240310337277,52.66232886940758,0.07646682261415409,0.14310924632490482,0.03881629515757112,0.03727215328867905,0.036499098967995636,0.0,0.0,52.04,-0.14772355060596143,0.021467291321125993,1.1642844402483121,2.7839715073460525,-0.05576673591769732,-0.053667283405304446,0.0038580246913579863,-0.05150462962962965,0.02135371210283473,0.0038580246913579863,-0.02135371210283473
600900.SH,2026-06-30 15:00:00,0.03551190026445039,-0.004887218045112829,-0.02648032364840025,-0.05329041487839781,-0.015252976190476164,0.004887218045112829,0.05329041487839781,0.6666666666666666,0.9333333333333333,0.013895073239614543,0.010859940100685356,0.009217844600504956,0.006691287906258511,0.005207758364459065,0.223051995423697,0.2833472636635612,1198888.2,1204814.2,1069834.65,7.311744341265127e-09,6.401353932970416e-09,-0.036164486994725076,-0.03315548274347735,-0.6696465884269479,-0.13592275261299597,-0.01024528866287766,-0.02896238008767571,-0.019835343199575584,-0.004224205779192335,36.6229519251029,36.660730432210634,47.0108837340794,0.04296442633890499,0.0346063228744219,0.01853850720492201,0.01685196178962706,-2.3610027e+19,0.0,0.0,26.47,-0.04232995658465999,0.008579060688955953,0.208179633799459,0.32797148746806215,-0.016320336935988444,-0.037754950977509534,-0.13694163677861115,-0.09455493968046957,0.00787848573555428,-0.13694163677861115,-0.00787848573555428
000975.SZ,2026-07-07 15:00:00,0.01582440020418585,0.16746126340881995,0.024581589958158956,-0.0554484088717454,-0.37352094659417967,-0.16746126340881995,0.0554484088717454,1.0,0.5789473684210527,0.056028227407596484,0.04540418741181746,0.03516865768348124,0.02733408214743564,0.021816158965803027,0.33086838718300254,1.204515612775975,843189.2,617803.15,472872.15,5.446733174357856e-08,5.674360005366431e-08,0.38918275401100333,0.3535940883865265,-0.05633833834230784,0.6443984065209798,0.06827353037408646,-0.003509842820082376,-0.19042896107116292,0.015480748102340808,73.60185610101371,42.14355156440378,40.29025892103191,0.17461727008281444,0.3477859503577682,0.06143805148399329,0.05921388463501785,40.61805294191444,0.0,0.0,19.59,-0.21702637889688248,0.04089062138200399,0.08626281608080504,0.5150335063126659,-0.2855254160018236,-0.026726328006126218,0.035412262156448104,0.07293868921775903,0.03308008397938405,0.035412262156448104,-0.03308008397938405
600276.SH,2026-07-07 15:00:00,-0.009754335260115599,0.029378951283004717,0.10169154228855715,0.19361793876670963,-0.028089887640449507,-0.029378951283004717,-0.19361793876670963,1.0,0.6216216216216216,0.027786419757693245,0.027535230567011203,0.02357618300474645,0.00880080404446142,0.00999044841068461,1.141193923185343,2.199421812579932,1372484.0,1025704.3,879343.2166666667,1.9643668928061966e-08,1.971183104716171e-08,0.13733215971992396,0.08653240415446217,0.12954337772108182,0.5292777918850777,0.04892189927621349,0.1010123108132297,0.06324203032621334,0.016473169663128964,66.64371064812946,73.26203988394731,58.37563058665528,0.12637933279891186,0.13661688972084243,0.04553313377374071,0.03840446944673825,2.102162061611539,0.0,0.0,55.36,-0.12210593085949895,0.021517284362824504,1.0319544430837782,2.3619403930836365,0.009134036247525845,-0.039997585986222356,0.06155321188878227,-0.11907957813998082,0.021587782097071823,0.06155321188878227,-0.021587782097071823
600900.SH,2026-07-07 15:00:00,0.041590660342940566,0.02890390390390385,0.03045112781954873,-0.007962359753890702,0.03865100416824552,-0.02890390390390385,0.007962359753890702,1.5,1.1481481481481481,0.0030484128903877695,0.011501638141054493,0.009215866316399495,0.006543951846451476,0.0054299231434005064,0.035351730791602955,0.23171784724701538,1106198.0,1203846.7,1098106.5666666667,7.79501694471623e-09,6.140886978134874e-09,-0.07731346425796826,-0.017745135312026705,0.22795955127665393,0.5037899139414822,0.022684874263114718,0.011924539446967142,0.013977175340489367,0.001692565407320721,71.76384339697373,53.38953773235219,51.6109277973304,0.038573074552371654,0.03420459373302696,0.016521603168812217,0.016782196278730385,-1.8079037e+19,0.0,0.0,27.41,-0.0010932944606414363,0.008671275518898548,0.10355200122799754,0.19212835958476848,0.019151698431240094,0.008865957978887975,-0.1036625245258338,-0.10039241334205351,0.007899730703065584,-0.1036625245258338,-0.007899730703065584
000975.SZ,2026-07-14 15:00:00,0.02864321608040199,0.023136246786632286,0.18593563766388543,-0.0808314087759815,-0.33974784339747854,-0.023136246786632286,0.0808314087759815,0.6666666666666666,0.6216216216216216,0.02708899578611123,0.044323849869360804,0.035845798452412564,0.026641356380015642,0.022214450256731366,0.2469692817052975,0.9089061929542424,646804.8,656932.35,503287.3333333333,4.9022879590242144e-08,5.528629010828275e-08,-0.23290668333987186,0.4262084209020318,0.09578221032870625,0.8827437500845784,0.033336795098140914,0.02967428142705586,-0.14542760827088652,0.018831101443029668,45.06277247002549,55.52987249340488,43.780820080316566,0.15684421384419853,0.33475568671869665,0.06460875807609474,0.060211773151471644,-0.7052119917888449,0.0,0.0,19.9,-0.2621431219873934,0.04105527647478672,0.1054366522829911,0.469215411708062,-0.2680504640584579,-0.0316435559850418,0.0184237461617196,0.1335721596724666,0.03321494125479413,0.0184237461617196,-0.03321494125479413
600276.SH,2026-07-14 15:00:00,0.0020065669463700253,0.014997222736530258,0.01933804388248417,0.15776135163674754,-0.04611101444231769,-0.014997222736530258,-0.15776135163674754,0.9,0.5945945945945946,0.020862282498795258,0.028613633065699254,0.023405900442953355,0.008663511684101172,0.009621308511408227,1.2197750220160695,2.37478295169887,1059784.2,1121218.8,909849.7833333333,1.873769849767235e-08,1.891106475147789e-08,-0.22783493286624834,0.40100285231500843,-0.4570220485583834,0.15230945037000213,-0.0028920133141746573,0.04936735514251267,0.055299598311109976,0.006788790422706692,32.78217769094019,64.09898730485102,64.4416976541854,0.1216719570670142,0.1315517481355877,0.04772762808151351,0.0397404492625215,2.5619787825049825,0.0,0.0,54.82,-0.1503409795412275,0.021814994175213716,1.0223027446261914,2.1516479122392314,0.005737768828917078,-0.0475305673780928,0.044986656500190625,-0.08730461303850545,0.021701766525057384,0.044986656500190625,-0.021701766525057384
600900.SH,2026-07-14 15:00:00,0.0063047285464097325,0.02587136183974148,0.07169669669669676,0.05001838911364476,0.07532956685499048,-0.02587136183974148,-0.05001838911364476,1.5,1.1851851851851851,0.007161087112394716,0.010485023761369948,0.009567199011852205,0.005033443784776744,0.005518849371608056,-0.0621671280188383,-0.07242995187265411,1576016.6,1281243.75,1168526.8333333333,7.354834611351106e-09,6.3097421148564116e-09,0.42471474365348705,0.015692516012049573,1.1590819389362015,1.213525994173647,0.03502030162413017,0.051023413341186874,0.050694636121078274,0.0067391540652120005,95.96420031157808,77.09481497520063,54.89245788283132,0.04757217592206403,0.03837883645587044,0.017913435076307223,0.01696272204153114,-1.2519752e+19,1.0,1.0,28.55,0.04349415204678375,0.008869232973552021,0.08103495800742855,0.024613660465215403,0.06023141887187178,0.0430306800765964,-0.05992756009219624,-0.09219624629568657,0.007796537233334868,-0.05992756009219624,-0.007796537233334868
